time,precipitation_mm
2010-01-01,1.6205442
2010-01-02,3.19861
2010-01-03,0.734346
2010-01-04,0.73012966
2010-01-05,3.2745855
2010-01-06,5.3132744
2010-01-07,1.3510697
2010-01-08,1.3984827
2010-01-09,2.7526672
2010-01-10,3.180066
2010-01-11,1.7992129
2010-01-12,0.8947715
2010-01-13,3.355403
2010-01-14,2.3452756
2010-01-15,1.3058168
2010-01-16,7.1085534
2010-01-17,1.2057375
2010-01-18,0.9586879
2010-01-19,0.24439919
2010-01-20,3.071287
2010-01-21,0.2687758
2010-01-22,11.6803255
2010-01-23,1.5113496
2010-01-24,1.6506344
2010-01-25,1.2945087
2010-01-26,0.056892455
2010-01-27,1.3158259
2010-01-28,2.2163725
2010-01-29,5.6357803
2010-01-30,1.2005411
2010-01-31,0.53359723
2010-02-01,0.7383424
2010-02-02,5.493438
2010-02-03,2.981072
2010-02-04,0.663166
2010-02-05,5.308301
2010-02-06,0.77091783
2010-02-07,0.7597447
2010-02-08,2.053441
2010-02-09,1.4313301
2010-02-10,1.3608183
2010-02-11,2.463435
2010-02-12,1.5219728
2010-02-13,1.5438168
2010-02-14,1.8008345
2010-02-15,1.5908954
2010-02-16,4.957237
2010-02-17,0.9687037
2010-02-18,4.5891733
2010-02-19,1.756368
2010-02-20,1.1156877
2010-02-21,5.424856
2010-02-22,5.798112
2010-02-23,2.1255631
2010-02-24,4.076693
2010-02-25,4.14025
2010-02-26,7.6078286
2010-02-27,3.9139185
2010-02-28,10.516142
2010-03-01,0.20755535
2010-03-02,0.015807826
2010-03-03,6.5636064e-05
2010-03-04,0.033124574
2010-03-05,0.35473102
2010-03-06,0.88470244
2010-03-07,0.00062372006
2010-03-08,0.11440428
2010-03-09,0.43698934
2010-03-10,0.18226631
2010-03-11,0.23157513
2010-03-12,3.4218647
2010-03-13,0.09253213
2010-03-14,0.6567799
2010-03-15,0.998955
2010-03-16,0.02928495
2010-03-17,0.003331208
2010-03-18,0.3839628
2010-03-19,4.4597473
2010-03-20,7.5530896
2010-03-21,0.2739008
2010-03-22,0.87290454
2010-03-23,0.8667769
2010-03-24,3.2114482
2010-03-25,6.881031
2010-03-26,0.40852803
2010-03-27,1.0829502
2010-03-28,1.9801078
2010-03-29,8.146322
2010-03-30,5.693146
2010-03-31,4.1671042
2010-04-01,1.3978007
2010-04-02,3.8322508
2010-04-03,2.6151116
2010-04-04,1.1319152
2010-04-05,1.3679267
2010-04-06,4.4703484e-05
2010-04-07,1.2223719
2010-04-08,0.03435374
2010-04-09,0.09727026
2010-04-10,0.07105344
2010-04-11,0.013128899
2010-04-12,0.19756527
2010-04-13,0.044040024
2010-04-14,0.050402023
2010-04-15,0.014181204
2010-04-16,0.03651015
2010-04-17,8.098071e-05
2010-04-18,0.25631106
2010-04-19,1.8283563
2010-04-20,0.0823047
2010-04-21,0.122408964
2010-04-22,4.4703484e-05
2010-04-23,0.0
2010-04-24,0.0
2010-04-25,1.2762668
2010-04-26,0.59577245
2010-04-27,0.00030343374
2010-04-28,0.06290038
2010-04-29,4.394516
2010-04-30,2.3035262
2010-05-01,1.5398636
2010-05-02,4.9328017
2010-05-03,0.9935843
2010-05-04,0.20814101
2010-05-05,0.09499011
2010-05-06,0.23653448
2010-05-07,1.1152843
2010-05-08,2.9738877
2010-05-09,0.39516982
2010-05-10,0.49655885
2010-05-11,0.6110475
2010-05-12,0.46860525
2010-05-13,0.21300049
2010-05-14,0.33993095
2010-05-15,0.1811551
2010-05-16,1.1349102
2010-05-17,1.1356802
2010-05-18,0.21671547
2010-05-19,0.013787033
2010-05-20,0.28126517
2010-05-21,0.017191062
2010-05-22,0.0021085143
2010-05-23,0.040293626
2010-05-24,0.15025835
2010-05-25,0.19241896
2010-05-26,1.9487478
2010-05-27,1.8062134
2010-05-28,0.5595286
2010-05-29,5.467528
2010-05-30,1.1023253
2010-05-31,0.39617035
2010-06-01,4.920939
2010-06-02,0.007556219
2010-06-03,0.0
2010-06-04,0.0
2010-06-05,0.34799072
2010-06-06,6.7330947
2010-06-07,2.2661016
2010-06-08,8.718615
2010-06-09,2.0103726
2010-06-10,1.6816928
2010-06-11,4.492623
2010-06-12,0.18683182
2010-06-13,1.2230414
2010-06-14,1.1453834
2010-06-15,0.049664773
2010-06-16,0.00038237445
2010-06-17,0.0019223385
2010-06-18,0.68484014
2010-06-19,1.017048
2010-06-20,0.13073817
2010-06-21,0.025041312
2010-06-22,0.00087828154
2010-06-23,-4.4703484e-05
2010-06-24,0.25621352
2010-06-25,0.04222732
2010-06-26,0.14944011
2010-06-27,0.055066444
2010-06-28,0.32921445
2010-06-29,3.144768
2010-06-30,0.12122706
2010-07-01,0.13259558
2010-07-02,0.7668452
2010-07-03,0.06365448
2010-07-04,0.027796164
2010-07-05,0.19532399
2010-07-06,0.004457842
2010-07-07,0.8372759
2010-07-08,0.09930506
2010-07-09,0.49340394
2010-07-10,0.021372257
2010-07-11,0.05228427
2010-07-12,4.6906347
2010-07-13,3.1761947
2010-07-14,3.400604
2010-07-15,2.0819206
2010-07-16,3.5858662
2010-07-17,0.5472627
2010-07-18,0.5584107
2010-07-19,0.44844443
2010-07-20,3.923226
2010-07-21,0.61165416
2010-07-22,3.416685
2010-07-23,0.36069885
2010-07-24,0.18510976
2010-07-25,0.96158373
2010-07-26,0.89895993
2010-07-27,2.5362167
2010-07-28,0.38801056
2010-07-29,0.4714337
2010-07-30,2.3020053
2010-07-31,1.3662999
2010-08-01,0.59639406
2010-08-02,1.9059291
2010-08-03,0.25948447
2010-08-04,5.311419
2010-08-05,0.25312144
2010-08-06,1.6699455
2010-08-07,2.4429066
2010-08-08,0.031063154
2010-08-09,0.5958898
2010-08-10,5.1290994
2010-08-11,0.651496
2010-08-12,2.4639163
2010-08-13,9.777197
2010-08-14,3.728849
2010-08-15,0.393977
2010-08-16,0.095242724
2010-08-17,2.06072
2010-08-18,0.496432
2010-08-19,1.8968762
2010-08-20,2.6889544
2010-08-21,2.90522
2010-08-22,2.0655944
2010-08-23,19.370628
2010-08-24,0.5815304
2010-08-25,10.636836
2010-08-26,8.967154
2010-08-27,3.717464
2010-08-28,0.68290406
2010-08-29,2.6649764
2010-08-30,0.48501596
2010-08-31,0.008356181
2010-09-01,-4.4703484e-05
2010-09-02,0.09269906
2010-09-03,0.038683414
2010-09-04,0.059578925
2010-09-05,0.5236675
2010-09-06,6.672857
2010-09-07,7.244529
2010-09-08,3.2633855
2010-09-09,1.0050445
2010-09-10,3.3728237
2010-09-11,3.209372
2010-09-12,0.20939422
2010-09-13,2.478463
2010-09-14,2.1474137
2010-09-15,0.95078707
2010-09-16,0.6799103
2010-09-17,0.12476777
2010-09-18,0.51933664
2010-09-19,4.647425
2010-09-20,1.7545681
2010-09-21,0.061557498
2010-09-22,0.5781217
2010-09-23,5.1184707
2010-09-24,4.152699
2010-09-25,0.7940727
2010-09-26,4.24709
2010-09-27,2.0388505
2010-09-28,0.47314999
2010-09-29,14.072636
2010-09-30,0.40420464
2010-10-01,18.715761
2010-10-02,6.7502384
2010-10-03,9.090706
2010-10-04,2.4306653
2010-10-05,1.2999184
2010-10-06,6.308249
2010-10-07,0.31031188
2010-10-08,0.2854032
2010-10-09,0.2435878
2010-10-10,0.005755485
2010-10-11,0.044945985
2010-10-12,0.08910947
2010-10-13,0.24350609
2010-10-14,0.4964464
2010-10-15,2.1160622
2010-10-16,0.8059921
2010-10-17,0.24596602
2010-10-18,1.33052
2010-10-19,2.6506302
2010-10-20,1.1359552
2010-10-21,0.7794045
2010-10-22,1.2025537
2010-10-23,7.9161654
2010-10-24,1.7683046
2010-10-25,0.060375247
2010-10-26,7.1890554
2010-10-27,1.0110037
2010-10-28,0.39111558
2010-10-29,2.304484
2010-10-30,0.5379658
2010-10-31,1.500845
2010-11-01,0.37235743
2010-11-02,1.5941865
2010-11-03,1.3872279
2010-11-04,3.9292238
2010-11-05,3.1405375
2010-11-06,3.3150425
2010-11-07,1.588669
2010-11-08,10.858623
2010-11-09,6.1417007
2010-11-10,0.77466613
2010-11-11,8.153005
2010-11-12,3.541929
2010-11-13,2.974633
2010-11-14,5.861854
2010-11-15,1.0525335
2010-11-16,0.22367202
2010-11-17,3.5978541
2010-11-18,2.9858615
2010-11-19,1.5220748
2010-11-20,1.0111367
2010-11-21,1.8586357
2010-11-22,2.0327587
2010-11-23,1.7421317
2010-11-24,1.9630364
2010-11-25,2.9156327
2010-11-26,0.86587155
2010-11-27,4.071966
2010-11-28,2.8284025
2010-11-29,4.4242206
2010-11-30,4.965762
2010-12-01,4.8146334
2010-12-02,4.401475
2010-12-03,1.1561841
2010-12-04,6.946056
2010-12-05,2.499968
2010-12-06,0.21073036
2010-12-07,0.76635635
2010-12-08,1.6715114
2010-12-09,0.2818083
2010-12-10,0.09352838
2010-12-11,0.13297132
2010-12-12,0.10521409
2010-12-13,1.9741342
2010-12-14,0.9334133
2010-12-15,1.721484
2010-12-16,6.377562
2010-12-17,2.1627028
2010-12-18,3.393266
2010-12-19,2.8280263
2010-12-20,2.1855433
2010-12-21,1.1292313
2010-12-22,1.3371402
2010-12-23,0.9495096
2010-12-24,1.8840796
2010-12-25,0.31229427
2010-12-26,0.048202686
2010-12-27,0.60241467
2010-12-28,5.6966968
2010-12-29,0.6484867
2010-12-30,0.21620645
2010-12-31,0.2890977
2011-01-01,0.85224015
2011-01-02,0.8247678
2011-01-03,0.32133627
2011-01-04,1.6462487
2011-01-05,4.619572
2011-01-06,4.7972198
2011-01-07,6.7915144
2011-01-08,3.7832682
2011-01-09,0.13386476
2011-01-10,4.1178565
2011-01-11,4.9242835
2011-01-12,9.027769
2011-01-13,4.6517615
2011-01-14,3.3595622
2011-01-15,0.98115534
2011-01-16,0.94741315
2011-01-17,6.5516977
2011-01-18,2.8255036
2011-01-19,0.079536326
2011-01-20,0.19182575
2011-01-21,0.33081526
2011-01-22,0.48334372
2011-01-23,1.2383553
2011-01-24,0.78151244
2011-01-25,2.247456
2011-01-26,2.453475
2011-01-27,0.29688203
2011-01-28,0.052871097
2011-01-29,0.11150587
2011-01-30,0.16519223
2011-01-31,0.032883137
2011-02-01,0.8729653
2011-02-02,0.23486952
2011-02-03,0.3947559
2011-02-04,1.0861069
2011-02-05,4.244429
2011-02-06,3.1767366
2011-02-07,0.46913537
2011-02-08,0.008053102
2011-02-09,0.72063875
2011-02-10,4.788036
2011-02-11,2.630893
2011-02-12,5.6307044
2011-02-13,4.631555
2011-02-14,1.5153931
2011-02-15,2.3899097
2011-02-16,0.92755073
2011-02-17,0.11353656
2011-02-18,0.16187371
2011-02-19,6.447567
2011-02-20,0.44565532
2011-02-21,1.8686081
2011-02-22,2.1377895
2011-02-23,6.0535088
2011-02-24,0.10048713
2011-02-25,1.2339307
2011-02-26,9.066103
2011-02-27,1.6115209
2011-02-28,1.1033652
2011-03-01,0.37773487
2011-03-02,0.076960154
2011-03-03,0.09220555
2011-03-04,0.051199414
2011-03-05,0.2253476
2011-03-06,0.031943567
2011-03-07,0.00047763542
2011-03-08,0.0023985547
2011-03-09,0.39983034
2011-03-10,0.17809105
2011-03-11,0.5470908
2011-03-12,1.3579229
2011-03-13,1.616305
2011-03-14,0.042673465
2011-03-15,0.2724945
2011-03-16,0.24940269
2011-03-17,0.4752611
2011-03-18,2.2004302
2011-03-19,0.016783496
2011-03-20,0.05971977
2011-03-21,0.09516352
2011-03-22,0.023906784
2011-03-23,0.1155758
2011-03-24,0.0055532544
2011-03-25,0.16860168
2011-03-26,0.8553192
2011-03-27,0.094662376
2011-03-28,0.054441478
2011-03-29,0.4866522
2011-03-30,1.3277819
2011-03-31,3.1038034
2011-04-01,0.5774745
2011-04-02,0.18356732
2011-04-03,0.13904603
2011-04-04,0.33986294
2011-04-05,2.153927
2011-04-06,0.3764365
2011-04-07,0.019405657
2011-04-08,0.019728338
2011-04-09,0.011856801
2011-04-10,4.4703484e-05
2011-04-11,0.70029414
2011-04-12,0.2735338
2011-04-13,0.121193625
2011-04-14,0.14828913
2011-04-15,0.71652
2011-04-16,0.36813623
2011-04-17,0.12924585
2011-04-18,0.03386493
2011-04-19,0.012088656
2011-04-20,0.003544525
2011-04-21,0.012526998
2011-04-22,0.055874743
2011-04-23,0.20279363
2011-04-24,0.008859185
2011-04-25,0.001714964
2011-04-26,0.23490803
2011-04-27,0.01896492
2011-04-28,0.053269874
2011-04-29,1.0155108
2011-04-30,0.10694475
2011-05-01,0.07152682
2011-05-02,0.015316266
2011-05-03,0.03513277
2011-05-04,7.219968e-05
2011-05-05,0.1166215
2011-05-06,0.035272203
2011-05-07,3.674526
2011-05-08,5.5052824
2011-05-09,0.16696069
2011-05-10,0.012274387
2011-05-11,0.32510677
2011-05-12,0.57791793
2011-05-13,0.5784831
2011-05-14,1.1833297
2011-05-15,0.28476527
2011-05-16,1.8495041
2011-05-17,0.71988356
2011-05-18,0.49138576
2011-05-19,0.011290734
2011-05-20,0.08734564
2011-05-21,0.32259828
2011-05-22,0.48454604
2011-05-23,0.33864218
2011-05-24,0.122104816
2011-05-25,0.14364915
2011-05-26,2.995279
2011-05-27,0.57104987
2011-05-28,0.45758352
2011-05-29,0.49309
2011-05-30,6.2949696
2011-05-31,0.44070813
2011-06-01,0.0
2011-06-02,0.0033807897
2011-06-03,0.0001531804
2011-06-04,0.3249975
2011-06-05,3.7527194
2011-06-06,2.4129689
2011-06-07,0.19042167
2011-06-08,0.4686543
2011-06-09,0.7660535
2011-06-10,3.6051335
2011-06-11,2.1823208
2011-06-12,10.623683
2011-06-13,1.4592916
2011-06-14,0.0036266588
2011-06-15,0.8259741
2011-06-16,2.8656306
2011-06-17,7.8709407
2011-06-18,6.882029
2011-06-19,1.3445339
2011-06-20,2.8997023
2011-06-21,2.8219583
2011-06-22,4.0710025
2011-06-23,2.9557989
2011-06-24,2.1633942
2011-06-25,3.8087986
2011-06-26,0.017733535
2011-06-27,0.05158241
2011-06-28,5.7632604
2011-06-29,0.26902738
2011-06-30,1.1815436
2011-07-01,0.18714182
2011-07-02,0.1721116
2011-07-03,0.020354807
2011-07-04,0.00926595
2011-07-05,2.478906
2011-07-06,6.1330094
2011-07-07,5.2999554
2011-07-08,5.6061544
2011-07-09,1.4474871
2011-07-10,1.4259177
2011-07-11,0.30386144
2011-07-12,1.4202054
2011-07-13,0.42439446
2011-07-14,0.22240111
2011-07-15,0.07329757
2011-07-16,13.245253
2011-07-17,5.3754888
2011-07-18,3.7505755
2011-07-19,3.4163241
2011-07-20,2.2091353
2011-07-21,2.9456909
2011-07-22,0.8291577
2011-07-23,1.286282
2011-07-24,0.30842865
2011-07-25,0.11347279
2011-07-26,0.26244262
2011-07-27,0.23740636
2011-07-28,0.1679667
2011-07-29,0.329798
2011-07-30,0.187685
2011-07-31,0.077866904
2011-08-01,0.13966964
2011-08-02,0.24364746
2011-08-03,1.931986
2011-08-04,13.354684
2011-08-05,0.32743898
2011-08-06,4.1483536
2011-08-07,1.9791673
2011-08-08,3.1743731
2011-08-09,0.17554154
2011-08-10,4.7893715
2011-08-11,2.6858115
2011-08-12,0.7037112
2011-08-13,3.8346372
2011-08-14,0.46528077
2011-08-15,0.52234715
2011-08-16,2.0583537
2011-08-17,0.13682246
2011-08-18,4.582118
2011-08-19,0.114567935
2011-08-20,0.33386236
2011-08-21,0.4732254
2011-08-22,0.7827597
2011-08-23,6.097735
2011-08-24,0.27517274
2011-08-25,6.2893395
2011-08-26,21.334831
2011-08-27,3.671351
2011-08-28,0.8191353
2011-08-29,0.58551013
2011-08-30,0.5885334
2011-08-31,0.24951942
2011-09-01,0.20195366
2011-09-02,0.029369656
2011-09-03,0.07912605
2011-09-04,8.82449
2011-09-05,1.5611347
2011-09-06,6.761559
2011-09-07,0.9327885
2011-09-08,1.5769587
2011-09-09,1.1054035
2011-09-10,3.1447623
2011-09-11,3.153879
2011-09-12,3.2852848
2011-09-13,0.481805
2011-09-14,0.28018746
2011-09-15,0.029824764
2011-09-16,2.2821324
2011-09-17,2.5607202
2011-09-18,2.9528506
2011-09-19,0.20832631
2011-09-20,2.3535278
2011-09-21,1.3397323
2011-09-22,0.11689229
2011-09-23,0.11404826
2011-09-24,0.116465785
2011-09-25,0.7815796
2011-09-26,0.6611224
2011-09-27,0.03263461
2011-09-28,8.860869e-05
2011-09-29,0.0
2011-09-30,0.0
2011-10-01,0.0
2011-10-02,0.5716489
2011-10-03,0.013571233
2011-10-04,0.17012896
2011-10-05,1.2921175
2011-10-06,2.2030554
2011-10-07,0.45994824
2011-10-08,2.7437458
2011-10-09,5.1273937
2011-10-10,2.8768384
2011-10-11,3.4976068
2011-10-12,4.718899
2011-10-13,0.43037215
2011-10-14,0.050898418
2011-10-15,4.4703484e-05
2011-10-16,0.09439788
2011-10-17,0.9772968
2011-10-18,1.9822685
2011-10-19,0.49831542
2011-10-20,0.2259935
2011-10-21,0.932615
2011-10-22,0.0074400255
2011-10-23,0.00499118
2011-10-24,1.090646
2011-10-25,4.0272965
2011-10-26,2.7550023
2011-10-27,4.6906376
2011-10-28,0.257287
2011-10-29,1.1751018
2011-10-30,0.70448285
2011-10-31,0.16806221
2011-11-01,1.4093704
2011-11-02,1.8056324
2011-11-03,4.4529357
2011-11-04,12.774794
2011-11-05,1.5566846
2011-11-06,0.28346586
2011-11-07,0.90526736
2011-11-08,1.0335004
2011-11-09,0.5459351
2011-11-10,0.40064868
2011-11-11,0.92215544
2011-11-12,1.4344158
2011-11-13,0.110331565
2011-11-14,0.2749762
2011-11-15,0.0961634
2011-11-16,0.15096223
2011-11-17,0.24197641
2011-11-18,0.028770063
2011-11-19,0.011395752
2011-11-20,0.03531646
2011-11-21,0.21148401
2011-11-22,0.919426
2011-11-23,0.17135608
2011-11-24,0.6482789
2011-11-25,0.8464591
2011-11-26,0.3234776
2011-11-27,0.6302086
2011-11-28,0.25448424
2011-11-29,2.3546653
2011-11-30,0.30977315
2011-12-01,7.521155
2011-12-02,0.86444414
2011-12-03,2.5414248
2011-12-04,1.345532
2011-12-05,0.64404833
2011-12-06,1.1620363
2011-12-07,1.8319136
2011-12-08,3.6581118
2011-12-09,0.33373758
2011-12-10,0.36245823
2011-12-11,6.2663236
2011-12-12,5.4638734
2011-12-13,7.79914
2011-12-14,4.777215
2011-12-15,5.013674
2011-12-16,8.52912
2011-12-17,2.0132816
2011-12-18,1.0617796
2011-12-19,5.667589
2011-12-20,1.0481945
2011-12-21,2.8830323
2011-12-22,0.104896896
2011-12-23,8.30378
2011-12-24,0.5714683
2011-12-25,0.23210984
2011-12-26,0.05503234
2011-12-27,0.14311883
2011-12-28,0.46302167
2011-12-29,1.9213011
2011-12-30,6.224378
2011-12-31,1.3816556
2012-01-01,6.700298
2012-01-02,0.68695736
2012-01-03,7.9957757
2012-01-04,2.3355534
2012-01-05,1.504279
2012-01-06,0.22193035
2012-01-07,0.37306547
2012-01-08,0.06958833
2012-01-09,0.0718502
2012-01-10,0.16275607
2012-01-11,0.09234267
2012-01-12,0.3322418
2012-01-13,0.057383575
2012-01-14,0.022629587
2012-01-15,0.045941878
2012-01-16,0.024899397
2012-01-17,0.002879206
2012-01-18,1.4391788
2012-01-19,2.2335744
2012-01-20,2.2155805
2012-01-21,0.684051
2012-01-22,0.3712335
2012-01-23,0.29219916
2012-01-24,5.278296
2012-01-25,1.1146516
2012-01-26,4.5776258
2012-01-27,1.591144
2012-01-28,0.98224044
2012-01-29,1.7371124
2012-01-30,0.6210319
2012-01-31,0.46513328
2012-02-01,0.06412502
2012-02-02,0.18082416
2012-02-03,0.071165286
2012-02-04,5.270217
2012-02-05,5.608707
2012-02-06,1.0359076
2012-02-07,0.22785108
2012-02-08,0.13263062
2012-02-09,3.2585118
2012-02-10,0.23204127
2012-02-11,0.120152935
2012-02-12,1.049511
2012-02-13,1.2016685
2012-02-14,0.27933565
2012-02-15,0.13085109
2012-02-16,0.31976774
2012-02-17,0.26977834
2012-02-18,2.2418964
2012-02-19,0.21109606
2012-02-20,0.66417795
2012-02-21,0.07428681
2012-02-22,1.7691109
2012-02-23,0.36870527
2012-02-24,0.2165899
2012-02-25,0.1090828
2012-02-26,0.037622374
2012-02-27,1.682384
2012-02-28,0.13632646
2012-02-29,0.11696746
2012-03-01,0.010409526
2012-03-02,0.24775602
2012-03-03,1.0131944
2012-03-04,15.080156
2012-03-05,1.033825
2012-03-06,0.26823926
2012-03-07,3.7097661
2012-03-08,0.004416243
2012-03-09,0.23748057
2012-03-10,0.18345281
2012-03-11,0.012677163
2012-03-12,0.009427734
2012-03-13,0.19270803
2012-03-14,0.10430276
2012-03-15,0.02076796
2012-03-16,0.08774824
2012-03-17,5.1686554
2012-03-18,2.3793283
2012-03-19,0.00028622648
2012-03-20,0.09856072
2012-03-21,0.009266926
2012-03-22,2.2351742e-05
2012-03-23,0.008861401
2012-03-24,0.0041300165
2012-03-25,0.008597349
2012-03-26,0.00028143683
2012-03-27,0.0
2012-03-28,-4.4703484e-05
2012-03-29,0.0003373162
2012-03-30,0.0072090575
2012-03-31,0.19229071
2012-04-01,0.06316833
2012-04-02,0.65154815
2012-04-03,9.845297
2012-04-04,9.049193
2012-04-05,0.32052475
2012-04-06,0.947512
2012-04-07,0.56577575
2012-04-08,1.965256
2012-04-09,7.20573
2012-04-10,1.2216073
2012-04-11,3.1219177
2012-04-12,2.21124
2012-04-13,1.4298707
2012-04-14,1.4727427
2012-04-15,0.949144
2012-04-16,0.1869631
2012-04-17,5.723224
2012-04-18,6.2621117
2012-04-19,5.0137777
2012-04-20,3.547745
2012-04-21,2.9603932
2012-04-22,3.041483
2012-04-23,4.89991
2012-04-24,2.272016
2012-04-25,11.421415
2012-04-26,5.4140973
2012-04-27,4.688642
2012-04-28,6.929473
2012-04-29,17.782871
2012-04-30,2.4361727
2012-05-01,5.9707003
2012-05-02,1.7827684
2012-05-03,3.9763608
2012-05-04,1.1459106
2012-05-05,1.3645884
2012-05-06,0.8115774
2012-05-07,3.819639
2012-05-08,3.4083548
2012-05-09,5.0887375
2012-05-10,11.317605
2012-05-11,1.2380648
2012-05-12,0.18848923
2012-05-13,0.07429533
2012-05-14,2.5113668
2012-05-15,4.2403164
2012-05-16,0.2139809
2012-05-17,0.8469616
2012-05-18,1.1142031
2012-05-19,2.5213125
2012-05-20,1.2874328
2012-05-21,0.103597745
2012-05-22,0.0005187023
2012-05-23,0.004459749
2012-05-24,0.0073526585
2012-05-25,0.0
2012-05-26,0.0
2012-05-27,0.0008710084
2012-05-28,0.15556386
2012-05-29,0.26467797
2012-05-30,1.7348459
2012-05-31,3.5780404
2012-06-01,0.7434321
2012-06-02,3.3251855
2012-06-03,10.162483
2012-06-04,2.9259872
2012-06-05,4.4551945
2012-06-06,5.64462
2012-06-07,7.703308
2012-06-08,4.6293764
2012-06-09,2.897114
2012-06-10,4.2306643
2012-06-11,9.185458
2012-06-12,3.4914904
2012-06-13,1.1695973
2012-06-14,2.3831856
2012-06-15,9.938125
2012-06-16,3.1560946
2012-06-17,1.209915
2012-06-18,3.9186063
2012-06-19,0.03397784
2012-06-20,0.16934362
2012-06-21,14.790364
2012-06-22,4.886785
2012-06-23,1.511483
2012-06-24,9.58692
2012-06-25,0.29240397
2012-06-26,0.97524965
2012-06-27,1.5652177
2012-06-28,3.9360175
2012-06-29,0.39508522
2012-06-30,1.2649989
2012-07-01,0.64551795
2012-07-02,5.0097723
2012-07-03,3.794177
2012-07-04,7.403801
2012-07-05,1.4500741
2012-07-06,13.331277
2012-07-07,6.6457906
2012-07-08,8.671342
2012-07-09,1.5723712
2012-07-10,5.311302
2012-07-11,7.123557
2012-07-12,4.2126675
2012-07-13,4.030405
2012-07-14,5.980716
2012-07-15,0.92959476
2012-07-16,4.829669
2012-07-17,2.117673
2012-07-18,4.283511
2012-07-19,1.7395318
2012-07-20,2.9149997
2012-07-21,0.39085382
2012-07-22,0.07154331
2012-07-23,0.00155522
2012-07-24,0.014651035
2012-07-25,0.19978918
2012-07-26,0.18052694
2012-07-27,2.9440026
2012-07-28,0.590458
2012-07-29,2.8972778
2012-07-30,1.1005617
2012-07-31,2.6026833
2012-08-01,2.4811301
2012-08-02,1.3132721
2012-08-03,1.3823044
2012-08-04,3.7845197
2012-08-05,3.7357833
2012-08-06,2.986434
2012-08-07,1.6582903
2012-08-08,1.071616
2012-08-09,0.11586105
2012-08-10,0.0035840839
2012-08-11,0.118088506
2012-08-12,0.032718427
2012-08-13,1.9911318
2012-08-14,3.3469741
2012-08-15,7.4493246
2012-08-16,0.57080626
2012-08-17,4.3055215
2012-08-18,0.37236768
2012-08-19,2.5775013
2012-08-20,0.6990947
2012-08-21,0.440436
2012-08-22,0.25405562
2012-08-23,0.18330877
2012-08-24,3.7656236
2012-08-25,8.486221
2012-08-26,2.0109544
2012-08-27,4.256347
2012-08-28,0.5899975
2012-08-29,4.033465
2012-08-30,5.4970384
2012-08-31,0.08278854
2012-09-01,0.39998388
2012-09-02,0.22735412
2012-09-03,0.08120175
2012-09-04,0.08976388
2012-09-05,0.047522373
2012-09-06,0.269042
2012-09-07,0.22070536
2012-09-08,0.008801708
2012-09-09,0.00015903442
2012-09-10,0.7223101
2012-09-11,1.251245
2012-09-12,4.0331845
2012-09-13,0.047775872
2012-09-14,0.25426587
2012-09-15,-4.4703484e-05
2012-09-16,1.2944932
2012-09-17,0.2551336
2012-09-18,0.41958663
2012-09-19,0.20417605
2012-09-20,1.6083691
2012-09-21,4.053121
2012-09-22,0.12645206
2012-09-23,13.922017
2012-09-24,15.062871
2012-09-25,7.6492767
2012-09-26,5.5483456
2012-09-27,1.6203594
2012-09-28,0.76811975
2012-09-29,0.045257133
2012-09-30,1.969076
2012-10-01,3.3579326
2012-10-02,3.2678638
2012-10-03,3.7752357
2012-10-04,2.2147908
2012-10-05,7.9080806
2012-10-06,5.4349785
2012-10-07,0.025238931
2012-10-08,4.73911
2012-10-09,1.6724461
2012-10-10,0.068544276
2012-10-11,4.76947
2012-10-12,4.8094835
2012-10-13,3.3252532
2012-10-14,0.5476344
2012-10-15,2.7623303
2012-10-16,5.0711417
2012-10-17,8.567046
2012-10-18,6.021498
2012-10-19,5.336008
2012-10-20,2.1459095
2012-10-21,3.3106506
2012-10-22,0.65459853
2012-10-23,0.79566056
2012-10-24,2.2798274
2012-10-25,0.6183149
2012-10-26,2.2280114
2012-10-27,2.2600536
2012-10-28,4.004875
2012-10-29,4.566393
2012-10-30,0.7488366
2012-10-31,2.9480553
2012-11-01,15.128427
2012-11-02,4.1931195
2012-11-03,2.9836507
2012-11-04,8.567881
2012-11-05,2.0946436
2012-11-06,2.5987873
2012-11-07,0.031281885
2012-11-08,0.1415777
2012-11-09,1.1429114
2012-11-10,3.6664605
2012-11-11,0.3284796
2012-11-12,1.5116297
2012-11-13,0.08684783
2012-11-14,0.04147268
2012-11-15,0.10718778
2012-11-16,1.4839352
2012-11-17,3.4389112
2012-11-18,0.1412675
2012-11-19,1.0172751
2012-11-20,3.3781042
2012-11-21,15.611041
2012-11-22,4.227082
2012-11-23,6.125649
2012-11-24,7.971539
2012-11-25,11.10022
2012-11-26,12.776138
2012-11-27,5.324189
2012-11-28,1.6718911
2012-11-29,1.0080348
2012-11-30,0.4188663
2012-12-01,3.3921688
2012-12-02,0.93620896
2012-12-03,5.757176
2012-12-04,1.7846166
2012-12-05,2.3850749
2012-12-06,5.7727017
2012-12-07,5.586827
2012-12-08,0.68724847
2012-12-09,1.3780313
2012-12-10,1.2344007
2012-12-11,0.51114964
2012-12-12,0.19276878
2012-12-13,0.28831574
2012-12-14,15.096407
2012-12-15,2.3599062
2012-12-16,3.1175132
2012-12-17,2.7352004
2012-12-18,0.48822317
2012-12-19,3.5762813
2012-12-20,15.992616
2012-12-21,2.092264
2012-12-22,16.517517
2012-12-23,2.9423811
2012-12-24,8.392068
2012-12-25,4.475607
2012-12-26,5.1342883
2012-12-27,3.61307
2012-12-28,3.2905192
2012-12-29,4.264125
2012-12-30,2.5035784
2012-12-31,4.2583303
2013-01-01,0.40396962
2013-01-02,2.1172445
2013-01-03,0.19951972
2013-01-04,0.1803626
2013-01-05,0.26125166
2013-01-06,0.1397085
2013-01-07,0.86443746
2013-01-08,3.383709
2013-01-09,1.669364
2013-01-10,1.0511822
2013-01-11,0.7646011
2013-01-12,3.0046856
2013-01-13,0.88452476
2013-01-14,5.4225883
2013-01-15,1.696901
2013-01-16,0.13397102
2013-01-17,0.46507794
2013-01-18,4.883062
2013-01-19,1.5796636
2013-01-20,5.297462
2013-01-21,4.7052603
2013-01-22,2.9838686
2013-01-23,1.5239499
2013-01-24,0.6148404
2013-01-25,0.7594135
2013-01-26,8.312653
2013-01-27,4.466581
2013-01-28,2.7536688
2013-01-29,4.0470233
2013-01-30,3.4276505
2013-01-31,1.1283511
2013-02-01,3.0540283
2013-02-02,1.1219479
2013-02-03,0.7266539
2013-02-04,0.37181342
2013-02-05,4.2379804
2013-02-06,2.894017
2013-02-07,0.8880037
2013-02-08,1.791491
2013-02-09,1.5078325
2013-02-10,8.489035
2013-02-11,2.152623
2013-02-12,0.49635983
2013-02-13,2.8716507
2013-02-14,10.048972
2013-02-15,0.02556711
2013-02-16,0.008429179
2013-02-17,0.0019858459
2013-02-18,0.02435932
2013-02-19,0.105260916
2013-02-20,0.1679658
2013-02-21,0.2739063
2013-02-22,0.7725538
2013-02-23,1.1210313
2013-02-24,0.92594415
2013-02-25,1.0224471
2013-02-26,0.70227534
2013-02-27,0.24061109
2013-02-28,0.52348477
2013-03-01,0.299619
2013-03-02,0.055252973
2013-03-03,0.10591072
2013-03-04,0.027771773
2013-03-05,0.00028436384
2013-03-06,0.48167756
2013-03-07,2.374955
2013-03-08,5.616742
2013-03-09,6.1929126
2013-03-10,1.2939091
2013-03-11,4.0409884
2013-03-12,1.6647676
2013-03-13,1.6583986
2013-03-14,0.4841697
2013-03-15,4.5145144
2013-03-16,6.363254
2013-03-17,6.059731
2013-03-18,2.758543
2013-03-19,1.4919138
2013-03-20,2.3865795
2013-03-21,0.6683762
2013-03-22,4.190793
2013-03-23,5.0159698
2013-03-24,0.73301286
2013-03-25,0.61735165
2013-03-26,0.8607065
2013-03-27,0.8525833
2013-03-28,0.63511086
2013-03-29,0.31635574
2013-03-30,0.5480224
2013-03-31,0.20373896
2013-04-01,0.3559733
2013-04-02,0.098732345
2013-04-03,0.45132735
2013-04-04,0.74918365
2013-04-05,1.4369924
2013-04-06,0.04618198
2013-04-07,0.0021662563
2013-04-08,0.082898796
2013-04-09,2.0515206
2013-04-10,2.7687702
2013-04-11,1.6932216
2013-04-12,3.6976194
2013-04-13,4.4005237
2013-04-14,0.34934762
2013-04-15,0.1309813
2013-04-16,0.6198578
2013-04-17,0.7963072
2013-04-18,0.70207596
2013-04-19,1.8398861
2013-04-20,0.0003569183
2013-04-21,0.02998699
2013-04-22,0.15200807
2013-04-23,0.15428095
2013-04-24,0.41684997
2013-04-25,1.483214
2013-04-26,4.1557884
2013-04-27,1.4725077
2013-04-28,0.56807107
2013-04-29,0.67895865
2013-04-30,0.0850561
2013-05-01,0.054990076
2013-05-02,0.31482276
2013-05-03,0.0012206534
2013-05-04,0.6567661
2013-05-05,0.09620731
2013-05-06,0.0049881637
2013-05-07,0.0
2013-05-08,2.4735327
2013-05-09,1.7935427
2013-05-10,0.82600796
2013-05-11,3.3361952
2013-05-12,1.6119269
2013-05-13,0.9454208
2013-05-14,5.7601457
2013-05-15,6.500278
2013-05-16,0.47551027
2013-05-17,2.5177538
2013-05-18,2.948418
2013-05-19,1.5373688
2013-05-20,2.9813411
2013-05-21,0.41734657
2013-05-22,2.0607617
2013-05-23,4.298823
2013-05-24,6.7197127
2013-05-25,0.27209723
2013-05-26,0.0
2013-05-27,0.0
2013-05-28,6.434331
2013-05-29,4.2955747
2013-05-30,3.6024072
2013-05-31,0.20636486
2013-06-01,0.43810558
2013-06-02,0.15568581
2013-06-03,0.0012832738
2013-06-04,0.0075076134
2013-06-05,0.12289919
2013-06-06,0.00572382
2013-06-07,0.2091071
2013-06-08,0.057632282
2013-06-09,0.06988485
2013-06-10,0.10630524
2013-06-11,0.6844024
2013-06-12,2.8306184
2013-06-13,2.9162233
2013-06-14,1.35562
2013-06-15,5.103435
2013-06-16,0.51880133
2013-06-17,1.1906638
2013-06-18,0.91899914
2013-06-19,1.246411
2013-06-20,3.8064044
2013-06-21,1.4098904
2013-06-22,3.4397712
2013-06-23,2.18532
2013-06-24,0.35635898
2013-06-25,0.05377847
2013-06-26,0.55549246
2013-06-27,2.0569034
2013-06-28,5.937479
2013-06-29,0.15683942
2013-06-30,0.0934639
2013-07-01,0.15893139
2013-07-02,2.9876423
2013-07-03,2.8341103
2013-07-04,0.21948425
2013-07-05,0.0048126318
2013-07-06,0.003172262
2013-07-07,0.00024276474
2013-07-08,0.02117313
2013-07-09,0.000820983
2013-07-10,0.03973022
2013-07-11,0.031538308
2013-07-12,0.010142901
2013-07-13,0.23660436
2013-07-14,0.28008622
2013-07-15,6.3063846e-05
2013-07-16,0.00022883926
2013-07-17,0.014419534
2013-07-18,0.00016063098
2013-07-19,0.0013348957
2013-07-20,0.17619133
2013-07-21,0.17850766
2013-07-22,0.06852805
2013-07-23,9.332926
2013-07-24,4.2489405
2013-07-25,1.4245276
2013-07-26,0.53899485
2013-07-27,14.712784
2013-07-28,12.598151
2013-07-29,2.1033773
2013-07-30,3.5960398
2013-07-31,4.0932217
2013-08-01,0.25693902
2013-08-02,1.7524284
2013-08-03,0.2063691
2013-08-04,1.4818271
2013-08-05,5.9903398
2013-08-06,0.0030145582
2013-08-07,0.46051952
2013-08-08,0.06447785
2013-08-09,2.1657708
2013-08-10,0.16490299
2013-08-11,0.585786
2013-08-12,0.5632164
2013-08-13,0.5023348
2013-08-14,0.07197464
2013-08-15,2.757279
2013-08-16,5.3356133
2013-08-17,1.9560356
2013-08-18,0.59695756
2013-08-19,0.24275711
2013-08-20,0.0013535222
2013-08-21,0.38762736
2013-08-22,2.7393024
2013-08-23,0.43806958
2013-08-24,13.7287655
2013-08-25,5.929072
2013-08-26,0.05877417
2013-08-27,0.046507057
2013-08-28,0.059911095
2013-08-29,0.042317435
2013-08-30,0.48145482
2013-08-31,0.10289536
2013-09-01,0.0068309405
2013-09-02,0.009972247
2013-09-03,0.12762366
2013-09-04,0.010416001
2013-09-05,0.07392386
2013-09-06,6.3445354
2013-09-07,0.5408142
2013-09-08,1.8356944
2013-09-09,4.914818
2013-09-10,3.802294
2013-09-11,2.9054782
2013-09-12,1.706485
2013-09-13,9.104048
2013-09-14,2.6885827
2013-09-15,4.0141573
2013-09-16,0.47467354
2013-09-17,4.552353
2013-09-18,0.84713715
2013-09-19,3.0600712
2013-09-20,0.052146528
2013-09-21,0.09649761
2013-09-22,0.15563767
2013-09-23,0.15284316
2013-09-24,0.25165507
2013-09-25,1.4018372
2013-09-26,0.38290024
2013-09-27,0.00040188787
2013-09-28,0.34256566
2013-09-29,0.47220653
2013-09-30,0.94900894
2013-10-01,0.5524477
2013-10-02,4.2170906
2013-10-03,4.0777593
2013-10-04,1.1719872
2013-10-05,0.2921128
2013-10-06,0.0030833874
2013-10-07,0.07689505
2013-10-08,0.3078342
2013-10-09,1.3195475
2013-10-10,2.4096048
2013-10-11,6.873892
2013-10-12,5.8416758
2013-10-13,13.50124
2013-10-14,4.774655
2013-10-15,2.0483332
2013-10-16,8.320548
2013-10-17,0.65868694
2013-10-18,0.7631461
2013-10-19,3.8824582
2013-10-20,4.6522193
2013-10-21,6.2394104
2013-10-22,5.0259433
2013-10-23,3.5913856
2013-10-24,0.074559204
2013-10-25,5.217689
2013-10-26,1.4259993
2013-10-27,6.125404
2013-10-28,14.30078
2013-10-29,2.64883
2013-10-30,0.7529969
2013-10-31,1.5407006
2013-11-01,5.6951833
2013-11-02,2.8160079
2013-11-03,5.610683
2013-11-04,3.817767
2013-11-05,4.1302075
2013-11-06,4.230293
2013-11-07,1.9955498
2013-11-08,5.3703556
2013-11-09,4.167278
2013-11-10,2.001194
2013-11-11,5.2747517
2013-11-12,2.4917967
2013-11-13,0.16665618
2013-11-14,1.5706484
2013-11-15,0.043209463
2013-11-16,0.029392984
2013-11-17,0.28402576
2013-11-18,2.5331304
2013-11-19,1.0607119
2013-11-20,7.3809977
2013-11-21,3.1973507
2013-11-22,1.4491193
2013-11-23,0.77061033
2013-11-24,0.45621252
2013-11-25,0.23179172
2013-11-26,0.42600903
2013-11-27,0.525092
2013-11-28,0.5780989
2013-11-29,0.90503436
2013-11-30,0.98403823
2013-12-01,0.09970181
2013-12-02,0.106919385
2013-12-03,0.1563476
2013-12-04,0.53362226
2013-12-05,1.3098055
2013-12-06,0.20449786
2013-12-07,0.5248758
2013-12-08,0.31619784
2013-12-09,0.011807308
2013-12-10,0.001371439
2013-12-11,0.009870778
2013-12-12,0.5513419
2013-12-13,2.203816
2013-12-14,0.2441071
2013-12-15,1.7195507
2013-12-16,4.3344746
2013-12-17,3.1845403
2013-12-18,7.329029
2013-12-19,3.6726217
2013-12-20,0.574504
2013-12-21,5.25337
2013-12-22,2.4783158
2013-12-23,10.365657
2013-12-24,11.076237
2013-12-25,2.4073434
2013-12-26,1.4977192
2013-12-27,6.320299
2013-12-28,1.17483
2013-12-29,0.4245208
2013-12-30,4.3140492
2013-12-31,3.7312474
2014-01-01,10.253517
2014-01-02,2.050156
2014-01-03,4.66025
2014-01-04,11.10077
2014-01-05,2.2615507
2014-01-06,4.240446
2014-01-07,2.6490972
2014-01-08,3.7432435
2014-01-09,4.736936
2014-01-10,0.8043668
2014-01-11,1.2100792
2014-01-12,3.2194512
2014-01-13,4.476187
2014-01-14,2.1349769
2014-01-15,7.708077
2014-01-16,5.33355
2014-01-17,3.1747837
2014-01-18,2.605504
2014-01-19,3.6013896
2014-01-20,0.051659666
2014-01-21,0.14973432
2014-01-22,8.195067
2014-01-23,2.545854
2014-01-24,5.3871293
2014-01-25,4.8275166
2014-01-26,7.0256753
2014-01-27,3.669868
2014-01-28,4.142665
2014-01-29,6.2424746
2014-01-30,2.854935
2014-01-31,8.10943
2014-02-01,5.2956057
2014-02-02,0.9155258
2014-02-03,0.009770992
2014-02-04,1.7354707
2014-02-05,8.456276
2014-02-06,11.398903
2014-02-07,6.2330227
2014-02-08,6.822559
2014-02-09,3.3067172
2014-02-10,2.2618887
2014-02-11,6.3685675
2014-02-12,6.560148
2014-02-13,2.1575253
2014-02-14,8.683114
2014-02-15,3.833756
2014-02-16,0.42343953
2014-02-17,1.8464774
2014-02-18,2.0625186
2014-02-19,0.46816173
2014-02-20,3.2037663
2014-02-21,2.1862643
2014-02-22,0.6553139
2014-02-23,0.19151403
2014-02-24,0.34432724
2014-02-25,4.6756296
2014-02-26,0.5920421
2014-02-27,5.4946084
2014-02-28,4.056939
2014-03-01,0.17119448
2014-03-02,7.1376853
2014-03-03,4.1043625
2014-03-04,0.1135166
2014-03-05,0.0010100858
2014-03-06,1.0653193
2014-03-07,1.8835729
2014-03-08,0.09879497
2014-03-09,0.0005424732
2014-03-10,0.042265195
2014-03-11,0.019917132
2014-03-12,8.106942e-05
2014-03-13,0.022459775
2014-03-14,0.012888086
2014-03-15,0.017768126
2014-03-16,0.00034219451
2014-03-17,0.047596086
2014-03-18,1.256421
2014-03-19,0.092180274
2014-03-20,1.8585545
2014-03-21,2.547407
2014-03-22,2.6952176
2014-03-23,2.1790144
2014-03-24,0.0789766
2014-03-25,2.9827058
2014-03-26,3.141212
2014-03-27,3.0994132
2014-03-28,2.776626
2014-03-29,0.32444528
2014-03-30,0.067984685
2014-03-31,1.5997803
2014-04-01,1.0186312
2014-04-02,0.3766586
2014-04-03,0.25647932
2014-04-04,0.48800284
2014-04-05,1.5459057
2014-04-06,2.89549
2014-04-07,6.1316257
2014-04-08,0.9440041
2014-04-09,0.11674164
2014-04-10,0.17095819
2014-04-11,0.24594223
2014-04-12,0.050772067
2014-04-13,0.09334708
2014-04-14,0.005137441
2014-04-15,6.2975145e-05
2014-04-16,0.00017890264
2014-04-17,0.16208437
2014-04-18,0.015954176
2014-04-19,0.18878849
2014-04-20,4.2061653
2014-04-21,2.0924132
2014-04-22,3.3377445
2014-04-23,1.1456851
2014-04-24,2.0494316
2014-04-25,7.2739825
2014-04-26,2.6166546
2014-04-27,4.797292
2014-04-28,1.1942086
2014-04-29,1.4403187
2014-04-30,0.32705528
2014-05-01,4.8161325
2014-05-02,0.14149521
2014-05-03,0.002740572
2014-05-04,0.37199375
2014-05-05,0.2414382
2014-05-06,2.8290796
2014-05-07,1.3252702
2014-05-08,6.242091
2014-05-09,1.4932376
2014-05-10,6.00521
2014-05-11,3.5006595
2014-05-12,3.6578782
2014-05-13,2.8191676
2014-05-14,0.10896208
2014-05-15,0.039536685
2014-05-16,0.09001392
2014-05-17,0.21342827
2014-05-18,0.029049104
2014-05-19,0.10857492
2014-05-20,2.1813598
2014-05-21,4.494586
2014-05-22,10.393353
2014-05-23,1.2900183
2014-05-24,9.123785
2014-05-25,0.30727455
2014-05-26,5.4009933
2014-05-27,8.971808
2014-05-28,8.769611
2014-05-29,1.8350679
2014-05-30,0.26932198
2014-05-31,0.27009162
2014-06-01,0.124599695
2014-06-02,1.4283291
2014-06-03,3.0532303
2014-06-04,7.016221
2014-06-05,1.4481833
2014-06-06,0.025255427
2014-06-07,5.499546
2014-06-08,0.35528722
2014-06-09,4.945781
2014-06-10,2.4329307
2014-06-11,0.10006378
2014-06-12,0.004586897
2014-06-13,0.3200717
2014-06-14,1.4057109
2014-06-15,0.35714233
2014-06-16,0.42079434
2014-06-17,0.07611602
2014-06-18,0.32480398
2014-06-19,0.9063753
2014-06-20,0.14664534
2014-06-21,0.25402647
2014-06-22,0.085162796
2014-06-23,1.766194
2014-06-24,2.1690962
2014-06-25,0.05179617
2014-06-26,1.0182996
2014-06-27,3.7402852
2014-06-28,3.6896825
2014-06-29,2.6051586
2014-06-30,0.64935213
2014-07-01,0.16217856
2014-07-02,0.07302429
2014-07-03,0.22689147
2014-07-04,1.2765023
2014-07-05,8.339739
2014-07-06,3.1743603
2014-07-07,0.32583144
2014-07-08,1.9161254
2014-07-09,0.1512514
2014-07-10,10.046355
2014-07-11,3.7555532
2014-07-12,0.39701095
2014-07-13,5.810218
2014-07-14,0.2432948
2014-07-15,0.36613306
2014-07-16,0.23680587
2014-07-17,0.07309906
2014-07-18,0.1862168
2014-07-19,7.858349
2014-07-20,6.291228
2014-07-21,0.806187
2014-07-22,0.0078680795
2014-07-23,0.35482576
2014-07-24,0.025558596
2014-07-25,0.6809886
2014-07-26,0.028195659
2014-07-27,1.1220326
2014-07-28,4.251207
2014-07-29,0.3172466
2014-07-30,0.06407277
2014-07-31,0.4833416
2014-08-01,1.1439676
2014-08-02,5.486249
2014-08-03,0.00633255
2014-08-04,0.19275779
2014-08-05,1.001657
2014-08-06,9.484149
2014-08-07,0.40249562
2014-08-08,16.105083
2014-08-09,9.040095
2014-08-10,13.831087
2014-08-11,1.8786976
2014-08-12,0.7327177
2014-08-13,1.0664656
2014-08-14,6.8255925
2014-08-15,1.341865
2014-08-16,0.17555608
2014-08-17,1.3617983
2014-08-18,3.7264872
2014-08-19,1.6245658
2014-08-20,1.8787469
2014-08-21,1.2582887
2014-08-22,2.381449
2014-08-23,2.2786746
2014-08-24,0.14643638
2014-08-25,13.065018
2014-08-26,4.1946836
2014-08-27,0.8492832
2014-08-28,2.4084516
2014-08-29,1.3268971
2014-08-30,0.61097467
2014-08-31,0.17154217
2014-09-01,2.1101277
2014-09-02,0.3763786
2014-09-03,0.17856833
2014-09-04,0.26894617
2014-09-05,0.39705414
2014-09-06,1.901002
2014-09-07,0.60428447
2014-09-08,0.051076923
2014-09-09,0.058161404
2014-09-10,0.02500743
2014-09-11,0.02546156
2014-09-12,0.2038831
2014-09-13,0.32554737
2014-09-14,0.28820896
2014-09-15,0.716292
2014-09-16,0.32801697
2014-09-17,0.27235427
2014-09-18,0.19988374
2014-09-19,4.030918
2014-09-20,1.6535114
2014-09-21,0.2635979
2014-09-22,0.008891824
2014-09-23,1.1073368
2014-09-24,3.6227453
2014-09-25,0.4637271
2014-09-26,0.13933384
2014-09-27,0.07065279
2014-09-28,0.11565004
2014-09-29,1.9795753
2014-09-30,0.51204187
2014-10-01,0.22403328
2014-10-02,0.41597202
2014-10-03,0.09084493
2014-10-04,6.8413506
2014-10-05,0.0
2014-10-06,10.173784
2014-10-07,5.6836314
2014-10-08,6.0404625
2014-10-09,1.3161241
2014-10-10,1.8400775
2014-10-11,3.4299364
2014-10-12,4.2974896
2014-10-13,14.244987
2014-10-14,3.2074904
2014-10-15,7.021282
2014-10-16,5.2412033
2014-10-17,2.4283636
2014-10-18,1.4943334
2014-10-19,0.11255929
2014-10-20,0.73554474
2014-10-21,3.2655988
2014-10-22,0.27463567
2014-10-23,0.8936482
2014-10-24,3.6780138
2014-10-25,0.08354327
2014-10-26,0.10781062
2014-10-27,0.0035282045
2014-10-28,1.7744634
2014-10-29,1.6846195
2014-10-30,2.339546
2014-10-31,0.016759727
2014-11-01,0.27185562
2014-11-02,5.663918
2014-11-03,6.6897216
2014-11-04,2.4361105
2014-11-05,1.5811317
2014-11-06,1.0697825
2014-11-07,11.142388
2014-11-08,8.046252
2014-11-09,2.2755165
2014-11-10,1.8949624
2014-11-11,1.2662139
2014-11-12,2.1009731
2014-11-13,0.4164283
2014-11-14,9.858082
2014-11-15,1.1124548
2014-11-16,5.3292565
2014-11-17,7.2117324
2014-11-18,1.151526
2014-11-19,0.57900935
2014-11-20,0.42408857
2014-11-21,5.26457
2014-11-22,3.6216447
2014-11-23,10.5434675
2014-11-24,0.00075508084
2014-11-25,3.626252
2014-11-26,3.911222
2014-11-27,2.1762795
2014-11-28,0.46001443
2014-11-29,0.56178397
2014-11-30,0.49136463
2014-12-01,0.51189554
2014-12-02,2.1962698
2014-12-03,1.3812581
2014-12-04,1.1995277
2014-12-05,1.2064899
2014-12-06,0.35940322
2014-12-07,1.8023572
2014-12-08,1.4284159
2014-12-09,1.0715303
2014-12-10,1.4659961
2014-12-11,2.060873
2014-12-12,7.9736037
2014-12-13,0.08167455
2014-12-14,1.3436706
2014-12-15,1.437801
2014-12-16,1.3292878
2014-12-17,9.414759
2014-12-18,1.048673
2014-12-19,3.2854548
2014-12-20,0.04682167
2014-12-21,0.55200934
2014-12-22,3.3170574
2014-12-23,4.6815577
2014-12-24,1.4100658
2014-12-25,0.5842757
2014-12-26,8.198495
2014-12-27,7.725974
2014-12-28,0.31545413
2014-12-29,0.07841994
2014-12-30,2.9979716e-05
2014-12-31,0.0024699562
2015-01-01,1.3677231
2015-01-02,0.52045417
2015-01-03,7.054399
2015-01-04,0.031484205
2015-01-05,0.38167614
2015-01-06,1.0028335
2015-01-07,0.75350046
2015-01-08,7.2446694
2015-01-09,1.9991193
2015-01-10,1.3074645
2015-01-11,0.26839536
2015-01-12,3.3612535
2015-01-13,7.927713
2015-01-14,3.0658312
2015-01-15,8.272599
2015-01-16,1.3798696
2015-01-17,1.8799187
2015-01-18,3.4347634
2015-01-19,0.61601216
2015-01-20,1.0181231
2015-01-21,1.5019679
2015-01-22,0.30801284
2015-01-23,2.3369248
2015-01-24,2.6387856
2015-01-25,0.08716035
2015-01-26,1.0705159
2015-01-27,0.042743623
2015-01-28,1.985855
2015-01-29,2.026087
2015-01-30,1.9569236
2015-01-31,3.4650106
2015-02-01,2.6882358
2015-02-02,1.3605064
2015-02-03,2.8479922
2015-02-04,2.7323666
2015-02-05,4.027144
2015-02-06,0.07785076
2015-02-07,0.09646985
2015-02-08,0.055695176
2015-02-09,0.04669988
2015-02-10,0.14863253
2015-02-11,0.23161371
2015-02-12,0.1831116
2015-02-13,3.7024922
2015-02-14,2.6180866
2015-02-15,0.06975322
2015-02-16,6.042116
2015-02-17,0.005065774
2015-02-18,0.061692137
2015-02-19,5.704544
2015-02-20,5.6620145
2015-02-21,0.8212931
2015-02-22,6.8831034
2015-02-23,1.390318
2015-02-24,0.38834593
2015-02-25,1.5330265
2015-02-26,5.1503453
2015-02-27,0.0066009485
2015-02-28,3.7089133
2015-03-01,2.2318873
2015-03-02,0.5417379
2015-03-03,1.3489554
2015-03-04,0.23690087
2015-03-05,0.00039496948
2015-03-06,0.00039177635
2015-03-07,0.2212147
2015-03-08,0.17016461
2015-03-09,1.1875148
2015-03-10,0.0056319297
2015-03-11,0.39562058
2015-03-12,0.0066639236
2015-03-13,0.031616095
2015-03-14,0.24971898
2015-03-15,1.0023792
2015-03-16,1.2943553
2015-03-17,2.603205
2015-03-18,0.09022964
2015-03-19,0.2110666
2015-03-20,0.334311
2015-03-21,0.10644387
2015-03-22,0.08761758
2015-03-23,0.68550044
2015-03-24,2.8385181
2015-03-25,0.6039071
2015-03-26,6.4059234
2015-03-27,0.034516145
2015-03-28,2.4310038
2015-03-29,4.7606525
2015-03-30,2.8801212
2015-03-31,1.1245644
2015-04-01,1.6333035
2015-04-02,1.664858
2015-04-03,3.7710886
2015-04-04,0.43795335
2015-04-05,0.14360355
2015-04-06,0.014243026
2015-04-07,0.10368796
2015-04-08,0.060995862
2015-04-09,0.0048623905
2015-04-10,0.014664161
2015-04-11,1.4474087
2015-04-12,1.5711707
2015-04-13,0.04393075
2015-04-14,0.0383657
2015-04-15,0.05872796
2015-04-16,0.11888377
2015-04-17,0.05838204
2015-04-18,0.002085453
2015-04-19,0.46183285
2015-04-20,0.01614461
2015-04-21,0.0
2015-04-22,0.015532776
2015-04-23,0.045546904
2015-04-24,0.35288852
2015-04-25,2.938455
2015-04-26,1.2074549
2015-04-27,0.48307756
2015-04-28,0.24305284
2015-04-29,3.1875234
2015-04-30,1.0811576
2015-05-01,0.25165763
2015-05-02,0.879377
2015-05-03,10.540975
2015-05-04,5.3638964
2015-05-05,8.19044
2015-05-06,3.7471516
2015-05-07,1.0862888
2015-05-08,5.403757
2015-05-09,1.2382722
2015-05-10,0.035715688
2015-05-11,0.33641252
2015-05-12,0.28609273
2015-05-13,0.015593001
2015-05-14,5.426695
2015-05-15,0.18275386
2015-05-16,0.15843047
2015-05-17,0.17705517
2015-05-18,6.6598516
2015-05-19,2.6401174
2015-05-20,0.85417527
2015-05-21,0.039902117
2015-05-22,0.28438902
2015-05-23,0.16899177
2015-05-24,2.2384071
2015-05-25,0.15999004
2015-05-26,0.06352879
2015-05-27,1.2537228
2015-05-28,0.29672992
2015-05-29,6.7905293
2015-05-30,0.16381744
2015-05-31,5.7616825
2015-06-01,4.1151266
2015-06-02,2.7488084
2015-06-03,0.03122565
2015-06-04,0.0
2015-06-05,1.62581
2015-06-06,4.4703484e-05
2015-06-07,0.0025410026
2015-06-08,0.23985201
2015-06-09,0.23863146
2015-06-10,0.002739064
2015-06-11,0.012813846
2015-06-12,2.3737955
2015-06-13,2.7272468
2015-06-14,1.8879565
2015-06-15,0.15124449
2015-06-16,0.23936205
2015-06-17,1.2861073
2015-06-18,0.83366567
2015-06-19,0.4155015
2015-06-20,1.9726768
2015-06-21,0.5241591
2015-06-22,6.2783966
2015-06-23,0.09846004
2015-06-24,0.1128425
2015-06-25,0.37130287
2015-06-26,1.5069903
2015-06-27,0.014320105
2015-06-28,1.5113794
2015-06-29,0.14759387
2015-06-30,0.029046355
2015-07-01,0.17899062
2015-07-02,1.3408054
2015-07-03,3.4301739
2015-07-04,5.247502
2015-07-05,4.0635486
2015-07-06,1.1390688
2015-07-07,2.306195
2015-07-08,2.1071641
2015-07-09,0.13285732
2015-07-10,0.0010747463
2015-07-11,0.3089904
2015-07-12,2.099262
2015-07-13,2.8742115
2015-07-14,2.1674786
2015-07-15,1.8095566
2015-07-16,0.7310093
2015-07-17,5.2914715
2015-07-18,0.044171833
2015-07-19,3.7150514
2015-07-20,2.4639416
2015-07-21,0.13177833
2015-07-22,0.7521256
2015-07-23,0.1832425
2015-07-24,12.658384
2015-07-25,6.542946
2015-07-26,9.849334
2015-07-27,3.425903
2015-07-28,3.958559
2015-07-29,2.3848855
2015-07-30,0.9903278
2015-07-31,0.009492306
2015-08-01,0.53466123
2015-08-02,0.180386
2015-08-03,0.16582775
2015-08-04,0.2887014
2015-08-05,0.8177403
2015-08-06,0.62218136
2015-08-07,0.0736002
2015-08-08,0.06712796
2015-08-09,0.07245024
2015-08-10,0.96922237
2015-08-11,2.0547156
2015-08-12,3.1502552
2015-08-13,10.280564
2015-08-14,7.134314
2015-08-15,0.5495091
2015-08-16,0.2673335
2015-08-17,0.026119694
2015-08-18,8.106281
2015-08-19,4.9044824
2015-08-20,3.7474213
2015-08-21,0.45398623
2015-08-22,0.054183107
2015-08-23,3.586634
2015-08-24,12.200664
2015-08-25,5.426556
2015-08-26,8.706572
2015-08-27,1.1997296
2015-08-28,0.16866535
2015-08-29,1.0691001
2015-08-30,2.8236513
2015-08-31,12.025609
2015-09-01,1.4686195
2015-09-02,2.442246
2015-09-03,2.689914
2015-09-04,0.6349107
2015-09-05,0.7285665
2015-09-06,0.06661581
2015-09-07,0.1663586
2015-09-08,0.22485551
2015-09-09,0.2738249
2015-09-10,0.00087783806
2015-09-11,0.13348752
2015-09-12,5.3690042
2015-09-13,1.1229942
2015-09-14,7.9181137
2015-09-15,3.9387462
2015-09-16,9.511773
2015-09-17,1.0462949
2015-09-18,4.5907
2015-09-19,0.039241053
2015-09-20,0.07082016
2015-09-21,5.570243
2015-09-22,8.330491
2015-09-23,0.20272036
2015-09-24,1.1652061
2015-09-25,0.028086027
2015-09-26,0.036226586
2015-09-27,0.006100872
2015-09-28,0.0074060545
2015-09-29,0.010664353
2015-09-30,0.00015193863
2015-10-01,0.005923123
2015-10-02,0.007026075
2015-10-03,0.094528794
2015-10-04,0.24916916
2015-10-05,9.759732
2015-10-06,11.758948
2015-10-07,4.361067
2015-10-08,0.018115733
2015-10-09,0.13755076
2015-10-10,0.117747284
2015-10-11,0.03919245
2015-10-12,1.0291363
2015-10-13,0.4375263
2015-10-14,1.1951772
2015-10-15,1.2990664
2015-10-16,0.6116488
2015-10-17,0.31656027
2015-10-18,0.57527375
2015-10-19,0.3872333
2015-10-20,0.066171885
2015-10-21,7.4560738
2015-10-22,0.19753565
2015-10-23,0.057345342
2015-10-24,1.7333797
2015-10-25,7.8497185e-05
2015-10-26,0.06398948
2015-10-27,2.1847458
2015-10-28,8.631788
2015-10-29,2.584655
2015-10-30,7.142128
2015-10-31,0.009385958
2015-11-01,0.07324338
2015-11-02,0.23415542
2015-11-03,0.2943201
2015-11-04,6.2253733
2015-11-05,5.4274564
2015-11-06,4.858578
2015-11-07,7.1227684
2015-11-08,1.9151362
2015-11-09,1.7225909
2015-11-10,0.3570066
2015-11-11,0.57601
2015-11-12,0.65202
2015-11-13,1.4682659
2015-11-14,7.7316155
2015-11-15,3.337621
2015-11-16,2.3922713
2015-11-17,5.9961967
2015-11-18,2.0592644
2015-11-19,2.4118872
2015-11-20,2.8746367
2015-11-21,4.7311964
2015-11-22,1.0920116
2015-11-23,2.437269
2015-11-24,6.2951746
2015-11-25,0.7948941
2015-11-26,0.32250983
2015-11-27,3.4083397
2015-11-28,2.8847923
2015-11-29,1.6164993
2015-11-30,5.2896814
2015-12-01,2.3099592
2015-12-02,0.53749764
2015-12-03,5.4789453
2015-12-04,1.0607516
2015-12-05,1.9224283
2015-12-06,0.79812324
2015-12-07,0.8573273
2015-12-08,3.2962358
2015-12-09,0.50653666
2015-12-10,3.2555933
2015-12-11,1.298937
2015-12-12,7.6275373
2015-12-13,1.6918736
2015-12-14,1.7221357
2015-12-15,5.6213546
2015-12-16,1.8399873
2015-12-17,0.77372295
2015-12-18,0.33272368
2015-12-19,0.36012086
2015-12-20,1.0199183
2015-12-21,2.977188
2015-12-22,5.624235
2015-12-23,0.70325625
2015-12-24,2.600365
2015-12-25,6.5302253
2015-12-26,4.287122
2015-12-27,2.2447937
2015-12-28,0.029185697
2015-12-29,1.1830957
2015-12-30,7.6636453
2015-12-31,3.5590115
2016-01-01,1.4505539
2016-01-02,5.971116
2016-01-03,12.148114
2016-01-04,3.9200597
2016-01-05,7.150028
2016-01-06,2.7411044
2016-01-07,15.247497
2016-01-08,2.5365286
2016-01-09,8.050792
2016-01-10,2.3537135
2016-01-11,7.086565
2016-01-12,3.027102
2016-01-13,3.1652472
2016-01-14,8.147689
2016-01-15,0.32550326
2016-01-16,0.88827246
2016-01-17,1.5016506
2016-01-18,1.1110058
2016-01-19,0.30667236
2016-01-20,0.17809638
2016-01-21,0.15604123
2016-01-22,7.372885
2016-01-23,4.072869
2016-01-24,1.070535
2016-01-25,0.06703793
2016-01-26,1.6442163
2016-01-27,4.693051
2016-01-28,0.577768
2016-01-29,0.9387475
2016-01-30,4.845673
2016-01-31,2.5678456
2016-02-01,0.30969542
2016-02-02,0.59599173
2016-02-03,0.81302536
2016-02-04,2.5339146
2016-02-05,0.89575994
2016-02-06,8.028809
2016-02-07,4.7118864
2016-02-08,4.7980556
2016-02-09,3.6474779
2016-02-10,2.0998127
2016-02-11,0.8866431
2016-02-12,1.1857253
2016-02-13,4.9048867
2016-02-14,1.4060254
2016-02-15,1.6132197
2016-02-16,0.08415103
2016-02-17,8.053891
2016-02-18,2.671699
2016-02-19,2.1583817
2016-02-20,1.5699126
2016-02-21,2.3920848
2016-02-22,2.7572782
2016-02-23,0.7689268
2016-02-24,0.5702778
2016-02-25,0.44929954
2016-02-26,0.16701674
2016-02-27,0.23701388
2016-02-28,0.11094917
2016-02-29,0.034095187
2016-03-01,8.163218
2016-03-02,4.9578433
2016-03-03,1.5507771
2016-03-04,8.960579
2016-03-05,3.0798993
2016-03-06,1.5043057
2016-03-07,1.325575
2016-03-08,0.8180341
2016-03-09,20.401548
2016-03-10,1.6813402
2016-03-11,0.008094435
2016-03-12,0.0045644566
2016-03-13,0.0017109726
2016-03-14,0.004151481
2016-03-15,0.20432454
2016-03-16,0.20085116
2016-03-17,0.04452529
2016-03-18,0.40683228
2016-03-19,0.38649708
2016-03-20,0.22111247
2016-03-21,0.024268936
2016-03-22,0.00714351
2016-03-23,0.11067128
2016-03-24,3.2673383
2016-03-25,2.046768
2016-03-26,4.5986857
2016-03-27,3.3111145
2016-03-28,12.621901
2016-03-29,4.629567
2016-03-30,0.7760717
2016-03-31,0.31388092
2016-04-01,0.11554485
2016-04-02,4.061503
2016-04-03,4.1077347
2016-04-04,6.031031
2016-04-05,0.59038323
2016-04-06,1.8635644
2016-04-07,3.0203078
2016-04-08,0.41606012
2016-04-09,4.224469
2016-04-10,0.93006575
2016-04-11,3.968512
2016-04-12,3.9179595
2016-04-13,1.5965925
2016-04-14,3.9360025
2016-04-15,6.229539
2016-04-16,5.420815
2016-04-17,0.6315065
2016-04-18,0.072403945
2016-04-19,0.004205941
2016-04-20,-4.4703484e-05
2016-04-21,0.076317094
2016-04-22,2.2166264
2016-04-23,1.2127253
2016-04-24,1.4812567
2016-04-25,2.366215
2016-04-26,2.165634
2016-04-27,2.5785944
2016-04-28,3.5260355
2016-04-29,2.3216162
2016-04-30,0.92485666
2016-05-01,0.29008666
2016-05-02,2.3550253
2016-05-03,0.32921073
2016-05-04,-4.4703484e-05
2016-05-05,0.0
2016-05-06,-4.4703484e-05
2016-05-07,0.0664221
2016-05-08,0.0027054478
2016-05-09,0.6574465
2016-05-10,7.119699
2016-05-11,6.7306466
2016-05-12,0.5017839
2016-05-13,0.08062921
2016-05-14,0.21798626
2016-05-15,0.21792665
2016-05-16,0.21872847
2016-05-17,0.0786156
2016-05-18,8.263663
2016-05-19,2.2765682
2016-05-20,0.82948345
2016-05-21,5.043031
2016-05-22,1.4973764
2016-05-23,0.8790291
2016-05-24,0.07187744
2016-05-25,3.876411
2016-05-26,0.34971738
2016-05-27,0.24609765
2016-05-28,0.26955014
2016-05-29,0.12859985
2016-05-30,0.10448295
2016-05-31,8.826177
2016-06-01,1.3486369
2016-06-02,0.2920147
2016-06-03,0.53997976
2016-06-04,0.2173627
2016-06-05,0.03424961
2016-06-06,0.077149786
2016-06-07,5.387095
2016-06-08,0.48535088
2016-06-09,0.04897932
2016-06-10,3.5059574
2016-06-11,3.1399174
2016-06-12,5.505622
2016-06-13,4.044997
2016-06-14,4.3547297
2016-06-15,3.129437
2016-06-16,4.090878
2016-06-17,4.1584544
2016-06-18,0.59529644
2016-06-19,3.498072
2016-06-20,10.592243
2016-06-21,0.30287814
2016-06-22,0.6828092
2016-06-23,12.678957
2016-06-24,1.5482818
2016-06-25,4.6676707
2016-06-26,3.628822
2016-06-27,1.4690412
2016-06-28,5.3000326
2016-06-29,3.8996773
2016-06-30,3.0425808
2016-07-01,2.3409007
2016-07-02,1.2133849
2016-07-03,0.50643283
2016-07-04,2.4416492
2016-07-05,0.859891
2016-07-06,0.010830483
2016-07-07,0.56649214
2016-07-08,3.8000915
2016-07-09,4.88706
2016-07-10,0.8184769
2016-07-11,3.0701544
2016-07-12,5.113912
2016-07-13,1.3956364
2016-07-14,0.35776368
2016-07-15,0.3110543
2016-07-16,0.47402483
2016-07-17,0.6604425
2016-07-18,0.14653376
2016-07-19,6.758741e-05
2016-07-20,0.5924009
2016-07-21,0.17755948
2016-07-22,1.0502485
2016-07-23,0.4442588
2016-07-24,0.47233647
2016-07-25,0.13309327
2016-07-26,0.35419378
2016-07-27,3.8814998
2016-07-28,1.3313358
2016-07-29,2.5864909
2016-07-30,0.47784182
2016-07-31,0.23035014
2016-08-01,4.3098598
2016-08-02,6.845177
2016-08-03,2.2012944
2016-08-04,0.9801494
2016-08-05,0.23400402
2016-08-06,0.028152108
2016-08-07,0.25338742
2016-08-08,0.14349237
2016-08-09,0.764856
2016-08-10,1.1777645
2016-08-11,2.5232418
2016-08-12,0.03936709
2016-08-13,0.24257876
2016-08-14,0.10416311
2016-08-15,0.029282466
2016-08-16,0.012126441
2016-08-17,0.09566891
2016-08-18,2.1229284
2016-08-19,3.4108148
2016-08-20,1.7323674
2016-08-21,4.139789
2016-08-22,4.551485
2016-08-23,0.16155022
2016-08-24,0.91348165
2016-08-25,5.851025
2016-08-26,2.8753133
2016-08-27,10.023185
2016-08-28,3.9897742
2016-08-29,0.19542597
2016-08-30,0.0011021538
2016-08-31,0.16649689
2016-09-01,0.50400263
2016-09-02,1.1765292
2016-09-03,6.429223
2016-09-04,1.7052554
2016-09-05,1.5013045
2016-09-06,0.32649153
2016-09-07,0.39873272
2016-09-08,0.015433967
2016-09-09,0.56367165
2016-09-10,8.916496
2016-09-11,0.00034680677
2016-09-12,0.7093391
2016-09-13,0.0023565122
2016-09-14,0.029168313
2016-09-15,0.6973874
2016-09-16,13.5515585
2016-09-17,2.1971886
2016-09-18,0.15310739
2016-09-19,1.7992024
2016-09-20,0.94414806
2016-09-21,0.20681241
2016-09-22,0.3572069
2016-09-23,0.049313974
2016-09-24,0.0
2016-09-25,0.60521185
2016-09-26,2.1184688
2016-09-27,0.70346844
2016-09-28,0.10103768
2016-09-29,0.49857393
2016-09-30,0.44946676
2016-10-01,5.9388456
2016-10-02,0.35703766
2016-10-03,0.0038489343
2016-10-04,0.03473922
2016-10-05,0.046687998
2016-10-06,0.23037076
2016-10-07,0.8209315
2016-10-08,0.8353942
2016-10-09,1.093958
2016-10-10,2.1516984
2016-10-11,1.0129751
2016-10-12,1.5423064
2016-10-13,3.0237348
2016-10-14,0.55050784
2016-10-15,2.9406402
2016-10-16,5.0388775
2016-10-17,0.6561405
2016-10-18,3.2754338
2016-10-19,0.9724967
2016-10-20,1.2764509
2016-10-21,0.42854124
2016-10-22,0.7205733
2016-10-23,1.3602301
2016-10-24,1.107655
2016-10-25,0.22528347
2016-10-26,0.20767456
2016-10-27,0.4231747
2016-10-28,0.09752837
2016-10-29,0.36327976
2016-10-30,0.30609363
2016-10-31,0.011988871
2016-11-01,0.42822823
2016-11-02,0.2596556
2016-11-03,0.5447694
2016-11-04,3.552818
2016-11-05,1.4242584
2016-11-06,3.593642
2016-11-07,2.7731104
2016-11-08,1.4622318
2016-11-09,10.459331
2016-11-10,2.1406736
2016-11-11,0.04305841
2016-11-12,11.116802
2016-11-13,0.535181
2016-11-14,1.8313419
2016-11-15,0.562356
2016-11-16,1.3867956
2016-11-17,4.846061
2016-11-18,3.9313412
2016-11-19,4.0113106
2016-11-20,12.024855
2016-11-21,14.549862
2016-11-22,3.4470735
2016-11-23,0.20988232
2016-11-24,0.0018630887
2016-11-25,0.0053550163
2016-11-26,0.110339016
2016-11-27,0.27366966
2016-11-28,0.049807575
2016-11-29,0.0035922886
2016-11-30,0.0004614038
2016-12-01,0.013289175
2016-12-02,0.22187181
2016-12-03,0.061497267
2016-12-04,0.00634071
2016-12-05,0.0013960969
2016-12-06,0.41747904
2016-12-07,0.0820324
2016-12-08,4.121169
2016-12-09,0.9772952
2016-12-10,5.169918
2016-12-11,0.052829407
2016-12-12,1.7401406
2016-12-13,1.2569795
2016-12-14,0.4028229
2016-12-15,0.23995374
2016-12-16,0.15885612
2016-12-17,0.12170665
2016-12-18,0.4671177
2016-12-19,0.6006086
2016-12-20,0.321715
2016-12-21,2.3270552
2016-12-22,0.281772
2016-12-23,1.7599559
2016-12-24,0.23980287
2016-12-25,0.44130215
2016-12-26,0.5896532
2016-12-27,0.0
2016-12-28,0.0038694234
2016-12-29,0.0006551189
2016-12-30,0.13030392
2016-12-31,0.43335778
2017-01-01,9.498583
2017-01-02,1.1040444
2017-01-03,0.018718785
2017-01-04,0.3756989
2017-01-05,0.117009506
2017-01-06,3.2436209
2017-01-07,1.3275826
2017-01-08,0.660505
2017-01-09,2.653674
2017-01-10,0.5960146
2017-01-11,0.31063792
2017-01-12,9.029637
2017-01-13,2.6061716
2017-01-14,0.85179216
2017-01-15,7.3880672
2017-01-16,3.2020366
2017-01-17,0.18553
2017-01-18,0.12100701
2017-01-19,0.02151896
2017-01-20,0.04361934
2017-01-21,0.21278715
2017-01-22,0.061697282
2017-01-23,0.027339462
2017-01-24,0.015107383
2017-01-25,0.11433164
2017-01-26,0.11577076
2017-01-27,0.27554625
2017-01-28,0.93621063
2017-01-29,9.060318
2017-01-30,0.98910743
2017-01-31,6.1173496
2017-02-01,6.703778
2017-02-02,1.8767399
2017-02-03,1.2852026
2017-02-04,3.102746
2017-02-05,2.2452977
2017-02-06,3.491582
2017-02-07,4.3668537
2017-02-08,0.6590197
2017-02-09,0.8721953
2017-02-10,1.7106777
2017-02-11,3.492472
2017-02-12,3.0437417
2017-02-13,0.007266134
2017-02-14,0.070882164
2017-02-15,3.159597
2017-02-16,0.27103493
2017-02-17,0.31175873
2017-02-18,0.04166773
2017-02-19,0.25654548
2017-02-20,0.2608985
2017-02-21,0.7913796
2017-02-22,2.6407154
2017-02-23,6.136494
2017-02-24,0.27691752
2017-02-25,3.5551775
2017-02-26,0.7941889
2017-02-27,7.859328
2017-02-28,3.9643104
2017-03-01,1.9346784
2017-03-02,1.6641984
2017-03-03,6.4823074
2017-03-04,1.9495014
2017-03-05,4.385853
2017-03-06,2.1441543
2017-03-07,0.548297
2017-03-08,6.42908
2017-03-09,0.456977
2017-03-10,0.4970614
2017-03-11,0.34436938
2017-03-12,3.8106792
2017-03-13,0.0028624423
2017-03-14,0.07949681
2017-03-15,0.026260281
2017-03-16,0.13779423
2017-03-17,1.971097
2017-03-18,1.9217374
2017-03-19,2.3550332
2017-03-20,3.942753
2017-03-21,0.28041166
2017-03-22,5.395217
2017-03-23,3.7970412
2017-03-24,0.7249219
2017-03-25,0.0
2017-03-26,0.0009633424
2017-03-27,0.079124995
2017-03-28,1.241097
2017-03-29,2.7708657
2017-03-30,0.5494595
2017-03-31,0.50299996
2017-04-01,0.9628028
2017-04-02,0.16343394
2017-04-03,0.006353926
2017-04-04,1.9664339
2017-04-05,0.096024774
2017-04-06,0.0005368853
2017-04-07,0.0062656724
2017-04-08,0.0005880637
2017-04-09,0.00086116296
2017-04-10,0.10210214
2017-04-11,0.017924588
2017-04-12,0.902152
2017-04-13,0.05087203
2017-04-14,1.2714084
2017-04-15,0.49269035
2017-04-16,1.6923996
2017-04-17,0.49620616
2017-04-18,0.36030713
2017-04-19,0.012879215
2017-04-20,0.13865301
2017-04-21,0.535838
2017-04-22,0.9193241
2017-04-23,0.26162046
2017-04-24,2.2549016
2017-04-25,3.0053236
2017-04-26,2.064298
2017-04-27,2.3644414
2017-04-28,0.66797185
2017-04-29,0.27765512
2017-04-30,2.2393432
2017-05-01,2.5990155
2017-05-02,0.7667349
2017-05-03,0.6971719
2017-05-04,0.1204468
2017-05-05,0.05394034
2017-05-06,1.0584904
2017-05-07,0.28628305
2017-05-08,0.06007137
2017-05-09,0.065809734
2017-05-10,0.005888442
2017-05-11,1.5843511
2017-05-12,3.2613838
2017-05-13,0.6336279
2017-05-14,3.9803185
2017-05-15,3.8002574
2017-05-16,2.9100044
2017-05-17,19.675564
2017-05-18,7.3380675
2017-05-19,10.064242
2017-05-20,3.2449055
2017-05-21,0.017878467
2017-05-22,0.13298418
2017-05-23,0.20949791
2017-05-24,0.24283767
2017-05-25,0.02300544
2017-05-26,0.0
2017-05-27,0.67035586
2017-05-28,2.4536707
2017-05-29,9.9457
2017-05-30,1.0114808
2017-05-31,0.17711423
2017-06-01,0.08549355
2017-06-02,2.3408222
2017-06-03,1.2334691
2017-06-04,0.96492594
2017-06-05,7.738792
2017-06-06,14.410181
2017-06-07,3.3142533
2017-06-08,6.173513
2017-06-09,0.9134707
2017-06-10,2.7785766
2017-06-11,0.025648003
2017-06-12,0.22664045
2017-06-13,0.24018614
2017-06-14,0.040169626
2017-06-15,0.18294866
2017-06-16,0.006903761
2017-06-17,0.05564608
2017-06-18,0.04839551
2017-06-19,0.11419035
2017-06-20,0.5048678
2017-06-21,1.4465684
2017-06-22,2.611799
2017-06-23,1.9658797
2017-06-24,0.953425
2017-06-25,0.5247735
2017-06-26,0.41049293
2017-06-27,15.7509575
2017-06-28,15.525493
2017-06-29,2.513977
2017-06-30,1.0407579
2017-07-01,0.2676301
2017-07-02,0.38966802
2017-07-03,0.45939046
2017-07-04,3.432208
2017-07-05,0.35475993
2017-07-06,3.227683
2017-07-07,0.21991125
2017-07-08,0.08283192
2017-07-09,0.39963904
2017-07-10,2.1471229
2017-07-11,10.135176
2017-07-12,2.9961393
2017-07-13,0.20677935
2017-07-14,1.4321926
2017-07-15,1.4669878
2017-07-16,0.508571
2017-07-17,0.020446789
2017-07-18,0.53254235
2017-07-19,5.606076
2017-07-20,6.0104337
2017-07-21,0.185545
2017-07-22,6.2801876
2017-07-23,6.5250983
2017-07-24,4.506097
2017-07-25,0.2487246
2017-07-26,4.6387587
2017-07-27,2.113662
2017-07-28,4.269944
2017-07-29,6.1769037
2017-07-30,6.894408
2017-07-31,0.43690267
2017-08-01,1.5002103
2017-08-02,7.0860834
2017-08-03,1.7017393
2017-08-04,0.50406224
2017-08-05,2.5307195
2017-08-06,0.8769674
2017-08-07,2.068984
2017-08-08,14.858941
2017-08-09,11.620775
2017-08-10,0.85221297
2017-08-11,0.16006303
2017-08-12,1.1434712
2017-08-13,0.01673427
2017-08-14,0.92013454
2017-08-15,1.9325899
2017-08-16,0.28281218
2017-08-17,5.7433057
2017-08-18,1.1768316
2017-08-19,0.48092052
2017-08-20,1.8840042
2017-08-21,1.3039604
2017-08-22,0.78430486
2017-08-23,4.792229
2017-08-24,0.23148759
2017-08-25,0.06059912
2017-08-26,0.4882093
2017-08-27,0.00956282
2017-08-28,0.021098182
2017-08-29,1.8087828
2017-08-30,3.4244242
2017-08-31,2.0109084
2017-09-01,0.7915769
2017-09-02,0.20604174
2017-09-03,2.7896092
2017-09-04,2.3037636
2017-09-05,5.336403
2017-09-06,0.25259998
2017-09-07,3.3501616
2017-09-08,8.969463
2017-09-09,2.415793
2017-09-10,1.9278611
2017-09-11,3.6541095
2017-09-12,4.8697133
2017-09-13,5.2582164
2017-09-14,4.4360375
2017-09-15,4.605469
2017-09-16,5.402098
2017-09-17,2.200233
2017-09-18,2.501211
2017-09-19,1.5292182
2017-09-20,1.0579543
2017-09-21,3.302232
2017-09-22,0.71187603
2017-09-23,0.45487604
2017-09-24,1.008391
2017-09-25,5.0838785
2017-09-26,0.38332528
2017-09-27,4.6552267
2017-09-28,4.534266
2017-09-29,2.419051
2017-09-30,3.484066
2017-10-01,3.6856165
2017-10-02,0.7658039
2017-10-03,0.040187277
2017-10-04,1.8348063
2017-10-05,2.344023
2017-10-06,0.083491035
2017-10-07,2.1562796
2017-10-08,0.22004598
2017-10-09,0.89138883
2017-10-10,1.587416
2017-10-11,1.8442506
2017-10-12,0.13708004
2017-10-13,0.24165976
2017-10-14,0.08848371
2017-10-15,0.034510203
2017-10-16,0.2541337
2017-10-17,0.54659843
2017-10-18,3.8185413
2017-10-19,6.6690373
2017-10-20,3.1865542
2017-10-21,7.4879313
2017-10-22,2.6023796
2017-10-23,1.5136021
2017-10-24,2.7770991
2017-10-25,1.5675262
2017-10-26,0.37256086
2017-10-27,0.114082046
2017-10-28,0.05990577
2017-10-29,1.0648667
2017-10-30,0.23873958
2017-10-31,1.1451919
2017-11-01,0.32838628
2017-11-02,0.17223622
2017-11-03,1.2106241
2017-11-04,11.638291
2017-11-05,1.5611382
2017-11-06,0.02875312
2017-11-07,6.588972
2017-11-08,3.714873
2017-11-09,0.58036304
2017-11-10,0.66951835
2017-11-11,4.5219073
2017-11-12,4.095043
2017-11-13,0.8512416
2017-11-14,0.76078653
2017-11-15,0.8496686
2017-11-16,0.33047795
2017-11-17,0.03434505
2017-11-18,1.5680519
2017-11-19,0.061816048
2017-11-20,6.353638
2017-11-21,4.220971
2017-11-22,1.2589843
2017-11-23,3.4600267
2017-11-24,2.0557585
2017-11-25,0.4976605
2017-11-26,0.30510172
2017-11-27,5.0933366
2017-11-28,2.0182128
2017-11-29,4.367999
2017-11-30,3.366771
2017-12-01,2.1631694
2017-12-02,0.6672947
2017-12-03,0.59452736
2017-12-04,0.1216168
2017-12-05,0.08888712
2017-12-06,0.2108947
2017-12-07,4.920114
2017-12-08,0.61308646
2017-12-09,0.43967968
2017-12-10,10.061039
2017-12-11,8.665737
2017-12-12,1.7528096
2017-12-13,6.4269505
2017-12-14,3.3114414
2017-12-15,3.609399
2017-12-16,0.901734
2017-12-17,3.1644592
2017-12-18,0.07476192
2017-12-19,0.02365923
2017-12-20,0.4300608
2017-12-21,1.4345672
2017-12-22,0.8861499
2017-12-23,0.29113755
2017-12-24,0.49160317
2017-12-25,3.3873408
2017-12-26,11.1727295
2017-12-27,12.403985
2017-12-28,0.192895
2017-12-29,6.8628054
2017-12-30,6.0877748
2017-12-31,6.598218
2018-01-01,3.2084985
2018-01-02,6.034825
2018-01-03,3.1285415
2018-01-04,6.533787
2018-01-05,2.5779743
2018-01-06,2.1172578
2018-01-07,0.13845634
2018-01-08,0.039180655
2018-01-09,0.56436193
2018-01-10,2.5680475
2018-01-11,0.5923657
2018-01-12,0.5107785
2018-01-13,0.362506
2018-01-14,0.12398937
2018-01-15,9.451812
2018-01-16,1.4678675
2018-01-17,1.221474
2018-01-18,5.9119763
2018-01-19,0.50468946
2018-01-20,2.8247185
2018-01-21,8.790344
2018-01-22,1.4570926
2018-01-23,1.990502
2018-01-24,5.5476375
2018-01-25,1.2639856
2018-01-26,0.68756974
2018-01-27,1.3509331
2018-01-28,0.21563914
2018-01-29,1.9236827
2018-01-30,0.5324305
2018-01-31,2.6257532
2018-02-01,2.069804
2018-02-02,1.8795694
2018-02-03,2.3988683
2018-02-04,1.4350833
2018-02-05,0.9785662
2018-02-06,1.4536862
2018-02-07,0.5948531
2018-02-08,1.9137366
2018-02-09,8.026835
2018-02-10,4.58653
2018-02-11,2.3237038
2018-02-12,0.5721367
2018-02-13,3.1175938
2018-02-14,6.783359
2018-02-15,0.5306879
2018-02-16,0.00794804
2018-02-17,0.36841995
2018-02-18,0.17176844
2018-02-19,4.790913
2018-02-20,4.521425
2018-02-21,0.40111753
2018-02-22,0.024560306
2018-02-23,0.07732239
2018-02-24,0.0
2018-02-25,0.063709825
2018-02-26,1.0989319
2018-02-27,3.0125134
2018-02-28,2.4805615
2018-03-01,4.4004803
2018-03-02,3.468201
2018-03-03,1.4166718
2018-03-04,4.4020357
2018-03-05,1.9311289
2018-03-06,2.4392035
2018-03-07,1.8642159
2018-03-08,3.6576235
2018-03-09,3.7439532
2018-03-10,6.9508843
2018-03-11,2.1088727
2018-03-12,7.8764634
2018-03-13,0.97827977
2018-03-14,0.15892532
2018-03-15,6.85121
2018-03-16,2.4611008
2018-03-17,3.4559417
2018-03-18,2.4396486
2018-03-19,0.5131357
2018-03-20,0.4406517
2018-03-21,0.28831458
2018-03-22,0.1222572
2018-03-23,1.3072807
2018-03-24,1.869014
2018-03-25,0.53547496
2018-03-26,0.19782685
2018-03-27,6.683512
2018-03-28,5.5046854
2018-03-29,5.0776777
2018-03-30,8.893408
2018-03-31,4.6198254
2018-04-01,1.9817227
2018-04-02,15.429378
2018-04-03,1.844344
2018-04-04,4.5418925
2018-04-05,0.38343793
2018-04-06,0.0007926886
2018-04-07,2.3472013
2018-04-08,5.277714
2018-04-09,3.152885
2018-04-10,4.926599
2018-04-11,1.0107007
2018-04-12,1.6252565
2018-04-13,1.6744747
2018-04-14,0.036404334
2018-04-15,1.3007821
2018-04-16,0.06580281
2018-04-17,0.023019457
2018-04-18,0.0026382152
2018-04-19,4.4703484e-05
2018-04-20,0.0025012663
2018-04-21,0.21816222
2018-04-22,2.4623115
2018-04-23,0.2488988
2018-04-24,5.30094
2018-04-25,1.6791705
2018-04-26,0.37585014
2018-04-27,6.8651934
2018-04-28,1.528983
2018-04-29,0.4422569
2018-04-30,8.316776
2018-05-01,0.12822023
2018-05-02,9.15954
2018-05-03,0.021555329
2018-05-04,0.0055242507
2018-05-05,0.009002075
2018-05-06,0.0
2018-05-07,4.4703484e-05
2018-05-08,0.18706998
2018-05-09,0.03455047
2018-05-10,1.082446
2018-05-11,0.048795182
2018-05-12,8.051015
2018-05-13,2.802154
2018-05-14,8.302076e-05
2018-05-15,0.044602193
2018-05-16,0.101723135
2018-05-17,0.007264582
2018-05-18,0.0059852996
2018-05-19,0.00015788134
2018-05-20,0.0036001385
2018-05-21,0.48151392
2018-05-22,0.22040254
2018-05-23,0.36428913
2018-05-24,2.7634037
2018-05-25,6.781005
2018-05-26,3.2492826
2018-05-27,0.47157332
2018-05-28,0.6257878
2018-05-29,6.078773
2018-05-30,2.5026808
2018-05-31,3.8109996
2018-06-01,0.6876268
2018-06-02,5.0695963
2018-06-03,0.6051907
2018-06-04,0.18380387
2018-06-05,0.18347481
2018-06-06,0.6495054
2018-06-07,0.43604302
2018-06-08,0.31262025
2018-06-09,0.5878769
2018-06-10,0.20570281
2018-06-11,0.61442125
2018-06-12,0.19029963
2018-06-13,0.320506
2018-06-14,1.086746
2018-06-15,0.16635914
2018-06-16,1.9978913
2018-06-17,0.52945673
2018-06-18,0.27092528
2018-06-19,0.36190867
2018-06-20,0.3483062
2018-06-21,0.15311201
2018-06-22,7.228837e-05
2018-06-23,0.0
2018-06-24,0.0
2018-06-25,0.0
2018-06-26,0.00029908758
2018-06-27,0.0110524045
2018-06-28,0.0015787248
2018-06-29,0.017100193
2018-06-30,0.0015900781
2018-07-01,0.0
2018-07-02,0.0
2018-07-03,0.029926231
2018-07-04,0.38492563
2018-07-05,0.09613281
2018-07-06,0.06672909
2018-07-07,0.06766404
2018-07-08,0.002616085
2018-07-09,0.23127782
2018-07-10,0.079360925
2018-07-11,0.12305255
2018-07-12,0.34864077
2018-07-13,0.28913647
2018-07-14,0.18754043
2018-07-15,0.00014280279
2018-07-16,0.22833182
2018-07-17,1.2533288
2018-07-18,0.09643987
2018-07-19,0.1234814
2018-07-20,2.1012828
2018-07-21,0.1276124
2018-07-22,0.004972376
2018-07-23,0.03004615
2018-07-24,0.101333655
2018-07-25,0.039338887
2018-07-26,0.6453953
2018-07-27,6.5539427
2018-07-28,6.127035
2018-07-29,6.3428674
2018-07-30,1.9494506
2018-07-31,1.2119969
2018-08-01,0.062162414
2018-08-02,0.04919068
2018-08-03,0.7958955
2018-08-04,0.029683823
2018-08-05,0.0003976304
2018-08-06,0.0029595657
2018-08-07,5.507471
2018-08-08,0.4732895
2018-08-09,10.556577
2018-08-10,5.2887583
2018-08-11,2.4581017
2018-08-12,10.760848
2018-08-13,4.4327035
2018-08-14,0.23451243
2018-08-15,0.519449
2018-08-16,4.433709
2018-08-17,0.25846845
2018-08-18,0.36995298
2018-08-19,1.9289023
2018-08-20,1.3772358
2018-08-21,0.54076654
2018-08-22,0.22093198
2018-08-23,4.509474
2018-08-24,1.8302294
2018-08-25,0.48464572
2018-08-26,10.518371
2018-08-27,0.4376692
2018-08-28,0.082161635
2018-08-29,4.9944997
2018-08-30,0.1928126
2018-08-31,0.24451059
2018-09-01,0.00020267353
2018-09-02,8.976176e-05
2018-09-03,0.003953775
2018-09-04,0.34411153
2018-09-05,1.2386109
2018-09-06,3.3769858
2018-09-07,1.364105
2018-09-08,1.9263256
2018-09-09,0.5751261
2018-09-10,0.5180148
2018-09-11,1.4092777
2018-09-12,1.5274997
2018-09-13,0.038661685
2018-09-14,0.6253564
2018-09-15,0.23091336
2018-09-16,0.49969065
2018-09-17,0.42577398
2018-09-18,0.17596328
2018-09-19,0.44027752
2018-09-20,9.488385
2018-09-21,4.2829266
2018-09-22,5.299429
2018-09-23,6.5220037
2018-09-24,0.016640961
2018-09-25,4.4703484e-05
2018-09-26,0.008068624
2018-09-27,0.06363816
2018-09-28,0.02060121
2018-09-29,0.005539418
2018-09-30,0.25472605
2018-10-01,1.7830861
2018-10-02,1.1497918
2018-10-03,0.12915306
2018-10-04,0.051664103
2018-10-05,1.5586095
2018-10-06,9.029036
2018-10-07,0.16786318
2018-10-08,0.06136724
2018-10-09,0.0
2018-10-10,0.051962033
2018-10-11,2.422991
2018-10-12,1.6717184
2018-10-13,1.4294903
2018-10-14,12.446853
2018-10-15,6.1633573
2018-10-16,0.22399382
2018-10-17,0.13696429
2018-10-18,0.032928463
2018-10-19,0.0061446005
2018-10-20,0.0076718805
2018-10-21,0.17383713
2018-10-22,0.14870894
2018-10-23,0.07351683
2018-10-24,0.021337043
2018-10-25,0.18528795
2018-10-26,2.6358712
2018-10-27,3.706726
2018-10-28,3.4666717
2018-10-29,0.7325407
2018-10-30,2.069377
2018-10-31,0.79822576
2018-11-01,7.617751
2018-11-02,0.011697856
2018-11-03,0.096012704
2018-11-04,0.5097269
2018-11-05,0.5164604
2018-11-06,0.51153
2018-11-07,6.5911713
2018-11-08,0.1939622
2018-11-09,3.8338215
2018-11-10,11.794312
2018-11-11,3.960452
2018-11-12,2.0196345
2018-11-13,0.86795723
2018-11-14,0.802449
2018-11-15,0.13999234
2018-11-16,0.40812188
2018-11-17,0.08466902
2018-11-18,0.031880148
2018-11-19,1.6675682
2018-11-20,6.019915
2018-11-21,3.3336403
2018-11-22,1.1077622
2018-11-23,0.36366215
2018-11-24,4.458261
2018-11-25,2.1555257
2018-11-26,1.4972032
2018-11-27,8.663411
2018-11-28,4.096885
2018-11-29,5.7861824
2018-11-30,2.2935007
2018-12-01,6.5212207
2018-12-02,4.077601
2018-12-03,3.7447283
2018-12-04,0.3127831
2018-12-05,8.97431
2018-12-06,1.4853905
2018-12-07,9.252998
2018-12-08,1.7580475
2018-12-09,1.882231
2018-12-10,0.14372073
2018-12-11,0.022151818
2018-12-12,0.17113993
2018-12-13,0.2516751
2018-12-14,0.41972598
2018-12-15,10.588954
2018-12-16,3.2022738
2018-12-17,0.6848234
2018-12-18,6.5574985
2018-12-19,4.4168744
2018-12-20,2.4616494
2018-12-21,7.9937215
2018-12-22,1.1686115
2018-12-23,7.352955
2018-12-24,0.42716467
2018-12-25,0.054637767
2018-12-26,0.09779916
2018-12-27,0.12107575
2018-12-28,0.2143101
2018-12-29,0.3907693
2018-12-30,0.28971112
2018-12-31,0.1766821
2019-01-01,0.15155572
2019-01-02,0.27939093
2019-01-03,0.12205089
2019-01-04,0.103731155
2019-01-05,0.056633547
2019-01-06,0.28854734
2019-01-07,0.3862788
2019-01-08,0.17711946
2019-01-09,0.33942866
2019-01-10,0.2289331
2019-01-11,0.3795394
2019-01-12,1.7960244
2019-01-13,0.18762416
2019-01-14,0.2852866
2019-01-15,0.08542197
2019-01-16,2.2150168
2019-01-17,2.2097154
2019-01-18,0.18226266
2019-01-19,1.833717
2019-01-20,0.16436397
2019-01-21,0.1703859
2019-01-22,6.321458
2019-01-23,0.9020456
2019-01-24,0.708325
2019-01-25,1.7583443
2019-01-26,2.5773942
2019-01-27,5.4242315
2019-01-28,1.3607184
2019-01-29,5.5463533
2019-01-30,0.5457232
2019-01-31,2.0537632
2019-02-01,3.8899486
2019-02-02,1.513873
2019-02-03,0.6210494
2019-02-04,6.5046124
2019-02-05,1.5183928
2019-02-06,4.8367343
2019-02-07,6.785343
2019-02-08,5.474169
2019-02-09,2.0941343
2019-02-10,7.482652
2019-02-11,0.2892247
2019-02-12,0.04362936
2019-02-13,0.003119221
2019-02-14,0.0
2019-02-15,0.0
2019-02-16,0.029923573
2019-02-17,0.050124668
2019-02-18,0.6342801
2019-02-19,0.15543579
2019-02-20,1.2426032
2019-02-21,0.44754866
2019-02-22,0.008122729
2019-02-23,0.0697259
2019-02-24,0.0037232502
2019-02-25,0.0
2019-02-26,0.0
2019-02-27,0.0
2019-02-28,1.7320216
2019-03-01,0.76675403
2019-03-02,1.0368011
2019-03-03,5.151152
2019-03-04,3.551508
2019-03-05,2.298241
2019-03-06,10.323325
2019-03-07,2.2947738
2019-03-08,2.383657
2019-03-09,1.3076183
2019-03-10,8.145665
2019-03-11,0.21025954
2019-03-12,9.163505
2019-03-13,0.38270015
2019-03-14,3.383508
2019-03-15,2.0068302
2019-03-16,7.3947134
2019-03-17,1.0697774
2019-03-18,1.1719531
2019-03-19,0.3583346
2019-03-20,0.17879814
2019-03-21,0.1463468
2019-03-22,0.13892272
2019-03-23,0.15612052
2019-03-24,0.03195687
2019-03-25,0.033855796
2019-03-26,0.0025084508
2019-03-27,0.009060083
2019-03-28,0.0027576904
2019-03-29,-4.4703484e-05
2019-03-30,0.089400135
2019-03-31,0.10408133
2019-04-01,0.01988631
2019-04-02,4.6475234
2019-04-03,1.6426858
2019-04-04,1.7511795
2019-04-05,0.014161159
2019-04-06,0.33695835
2019-04-07,2.375753
2019-04-08,0.91276234
2019-04-09,2.7603858
2019-04-10,0.69070554
2019-04-11,0.004969005
2019-04-12,0.31271702
2019-04-13,0.65711886
2019-04-14,0.35410553
2019-04-15,0.055016417
2019-04-16,0.32594198
2019-04-17,0.26967314
2019-04-18,0.0022169023
2019-04-19,0.0
2019-04-20,0.0
2019-04-21,0.0
2019-04-22,0.0052646333
2019-04-23,0.046720196
2019-04-24,1.9453001
2019-04-25,1.8964139
2019-04-26,1.0263696
2019-04-27,3.2567239
2019-04-28,1.4157473
2019-04-29,0.28547043
2019-04-30,0.010765734
2019-05-01,0.59868777
2019-05-02,2.951721
2019-05-03,2.1532748
2019-05-04,2.0162497
2019-05-05,0.50397825
2019-05-06,1.4997504
2019-05-07,1.1861039
2019-05-08,12.791552
2019-05-09,2.8502269
2019-05-10,1.5270735
2019-05-11,1.7793055
2019-05-12,0.09881998
2019-05-13,-4.4703484e-05
2019-05-14,-4.4703484e-05
2019-05-15,-4.4703484e-05
2019-05-16,0.0
2019-05-17,1.0169127
2019-05-18,1.1299462
2019-05-19,0.4927806
2019-05-20,0.64870626
2019-05-21,0.04043971
2019-05-22,0.04656799
2019-05-23,0.012897842
2019-05-24,0.09500866
2019-05-25,0.7983157
2019-05-26,3.4571986
2019-05-27,2.361649
2019-05-28,2.234709
2019-05-29,2.597704
2019-05-30,0.7932444
2019-05-31,0.5417522
2019-06-01,0.5119181
2019-06-02,1.4775821
2019-06-03,0.1496654
2019-06-04,14.3512535
2019-06-05,0.55617887
2019-06-06,0.5884294
2019-06-07,12.889884
2019-06-08,4.344863
2019-06-09,0.6538139
2019-06-10,16.64573
2019-06-11,13.934715
2019-06-12,10.233971
2019-06-13,6.8692827
2019-06-14,1.8444636
2019-06-15,1.3795296
2019-06-16,1.4042417
2019-06-17,0.31238395
2019-06-18,4.4472375
2019-06-19,2.6654441
2019-06-20,0.3498178
2019-06-21,0.1302648
2019-06-22,0.07518815
2019-06-23,0.9696646
2019-06-24,4.981039
2019-06-25,12.224707
2019-06-26,0.26921618
2019-06-27,0.0009301695
2019-06-28,0.0074020633
2019-06-29,0.093365446
2019-06-30,0.06026704
2019-07-01,0.12648974
2019-07-02,0.09243279
2019-07-03,0.07136228
2019-07-04,0.00024666745
2019-07-05,0.22750056
2019-07-06,1.6799481
2019-07-07,1.1516902
2019-07-08,0.15808482
2019-07-09,1.9373481
2019-07-10,1.3785377
2019-07-11,2.158865
2019-07-12,0.7455066
2019-07-13,0.80949056
2019-07-14,0.99863636
2019-07-15,0.05752425
2019-07-16,0.16538116
2019-07-17,0.99218017
2019-07-18,1.8472648
2019-07-19,6.918914
2019-07-20,6.97486
2019-07-21,0.31090325
2019-07-22,1.9084872
2019-07-23,0.20009571
2019-07-24,2.8943634
2019-07-25,0.013942165
2019-07-26,1.8162457
2019-07-27,12.590706
2019-07-28,2.6670516
2019-07-29,0.26198378
2019-07-30,3.0214007
2019-07-31,4.4808917
2019-08-01,1.3653634
2019-08-02,0.31644523
2019-08-03,0.175388
2019-08-04,0.80537593
2019-08-05,1.4552081
2019-08-06,1.2340915
2019-08-07,0.5592734
2019-08-08,1.3074052
2019-08-09,12.713877
2019-08-10,1.8618462
2019-08-11,1.4574659
2019-08-12,4.9560437
2019-08-13,1.6978706
2019-08-14,9.026356
2019-08-15,0.54730326
2019-08-16,10.117087
2019-08-17,0.75610137
2019-08-18,1.0939368
2019-08-19,1.6672956
2019-08-20,0.39695433
2019-08-21,0.086282425
2019-08-22,1.232676
2019-08-23,0.0019036233
2019-08-24,-4.4703484e-05
2019-08-25,0.0
2019-08-26,0.0
2019-08-27,0.37336493
2019-08-28,2.0803537
2019-08-29,0.11970795
2019-08-30,0.063390955
2019-08-31,0.044260707
2019-09-01,0.31135923
2019-09-02,0.456562
2019-09-03,0.26879805
2019-09-04,3.8979006
2019-09-05,0.19944751
2019-09-06,1.2211337
2019-09-07,0.36953133
2019-09-08,0.043850478
2019-09-09,3.1823583
2019-09-10,0.16915807
2019-09-11,2.2034752
2019-09-12,0.77742124
2019-09-13,0.41572174
2019-09-14,0.0013143178
2019-09-15,0.55743045
2019-09-16,1.0537772
2019-09-17,0.07699705
2019-09-18,0.0011759499
2019-09-19,0.0006074884
2019-09-20,0.0013239859
2019-09-21,0.0
2019-09-22,2.3728316
2019-09-23,3.1231182
2019-09-24,16.580908
2019-09-25,4.81337
2019-09-26,5.1234636
2019-09-27,4.052125
2019-09-28,6.1713934
2019-09-29,16.31659
2019-09-30,9.437035
2019-10-01,8.469006
2019-10-02,0.27701232
2019-10-03,2.811709
2019-10-04,4.8498716
2019-10-05,0.6341717
2019-10-06,12.351708
2019-10-07,2.6465302
2019-10-08,1.0408138
2019-10-09,3.6754694
2019-10-10,1.1957546
2019-10-11,5.7067847
2019-10-12,4.415495
2019-10-13,9.214579
2019-10-14,15.251384
2019-10-15,2.3739977
2019-10-16,5.2779503
2019-10-17,2.730251
2019-10-18,6.2411985
2019-10-19,2.0489223
2019-10-20,0.8337113
2019-10-21,5.20811
2019-10-22,0.06191415
2019-10-23,2.9336264
2019-10-24,7.440219
2019-10-25,7.151621
2019-10-26,12.782566
2019-10-27,0.07597304
2019-10-28,0.4176839
2019-10-29,0.7445761
2019-10-30,0.58917284
2019-10-31,0.42137158
2019-11-01,9.02292
2019-11-02,8.30154
2019-11-03,1.8868601
2019-11-04,4.4771404
2019-11-05,3.508175
2019-11-06,1.7202373
2019-11-07,15.202806
2019-11-08,3.2213352
2019-11-09,5.276149
2019-11-10,1.0508425
2019-11-11,8.240005
2019-11-12,4.2694364
2019-11-13,2.6357305
2019-11-14,10.987589
2019-11-15,6.076791
2019-11-16,1.4684945
2019-11-17,2.296851
2019-11-18,0.4399276
2019-11-19,0.11683131
2019-11-20,0.02075022
2019-11-21,1.4710573
2019-11-22,3.1640582
2019-11-23,5.986116
2019-11-24,0.4737615
2019-11-25,4.3790774
2019-11-26,3.8543642
2019-11-27,13.175776
2019-11-28,4.8315973
2019-11-29,0.9800689
2019-11-30,0.14843446
2019-12-01,0.57734495
2019-12-02,0.070848286
2019-12-03,0.029897317
2019-12-04,0.012154291
2019-12-05,0.27446076
2019-12-06,3.77081
2019-12-07,0.35132593
2019-12-08,3.831667
2019-12-09,2.0796154
2019-12-10,3.9161406
2019-12-11,1.6609068
2019-12-12,11.258741
2019-12-13,4.897785
2019-12-14,3.6333663
2019-12-15,3.5035
2019-12-16,3.8901436
2019-12-17,3.7072241
2019-12-18,3.5128448
2019-12-19,7.6970186
2019-12-20,18.852116
2019-12-21,5.213659
2019-12-22,4.060248
2019-12-23,0.39552754
2019-12-24,3.9254534
2019-12-25,0.028309634
2019-12-26,4.5485654
2019-12-27,0.37516326
2019-12-28,0.1599017
2019-12-29,0.16054262
2019-12-30,0.010231599
2019-12-31,0.01773114
2020-01-01,0.29575807
2020-01-02,0.41338181
2020-01-03,3.035355
2020-01-04,0.046227213
2020-01-05,0.16875742
2020-01-06,1.361642
2020-01-07,1.3999575
2020-01-08,1.7483691
2020-01-09,8.404503
2020-01-10,0.49164194
2020-01-11,0.8753917
2020-01-12,2.9604619
2020-01-13,4.370015
2020-01-14,6.9370637
2020-01-15,6.150893
2020-01-16,3.795042
2020-01-17,2.9525583
2020-01-18,0.058363944
2020-01-19,0.00721367
2020-01-20,0.0028238588
2020-01-21,0.021201601
2020-01-22,0.090944715
2020-01-23,0.26088455
2020-01-24,0.29051268
2020-01-25,0.38413268
2020-01-26,4.629569
2020-01-27,4.9154787
2020-01-28,2.397631
2020-01-29,0.521945
2020-01-30,1.1394536
2020-01-31,1.3314859
2020-02-01,0.92439103
2020-02-02,5.4768705
2020-02-03,1.1621717
2020-02-04,0.18611826
2020-02-05,0.0062921927
2020-02-06,0.0034491755
2020-02-07,0.04182738
2020-02-08,0.689905
2020-02-09,10.723109
2020-02-10,1.3674148
2020-02-11,0.58669627
2020-02-12,0.81943774
2020-02-13,10.381711
2020-02-14,0.41458544
2020-02-15,5.8064084
2020-02-16,13.939806
2020-02-17,1.3675318
2020-02-18,2.2769058
2020-02-19,1.4099514
2020-02-20,4.135572
2020-02-21,0.4672646
2020-02-22,1.261694
2020-02-23,4.372062
2020-02-24,8.631279
2020-02-25,1.9964043
2020-02-26,0.73899907
2020-02-27,5.9588757
2020-02-28,6.787914
2020-02-29,7.603327
2020-03-01,1.6273721
2020-03-02,2.4909947
2020-03-03,0.63273567
2020-03-04,2.1208208
2020-03-05,10.51774
2020-03-06,0.12414415
2020-03-07,0.10056722
2020-03-08,2.5173662
2020-03-09,4.3602057
2020-03-10,1.2482752
2020-03-11,1.6956428
2020-03-12,0.8474981
2020-03-13,0.68528795
2020-03-14,2.6195068
2020-03-15,2.7636635
2020-03-16,0.06176478
2020-03-17,0.17725472
2020-03-18,1.420715
2020-03-19,0.7972125
2020-03-20,0.777974
2020-03-21,0.0054580825
2020-03-22,0.0
2020-03-23,0.0
2020-03-24,-4.4703484e-05
2020-03-25,0.0
2020-03-26,-4.4703484e-05
2020-03-27,0.0
2020-03-28,0.19571096
2020-03-29,0.90025294
2020-03-30,1.649353
2020-03-31,0.17798993
2020-04-01,0.070887305
2020-04-02,0.17457987
2020-04-03,0.38395754
2020-04-04,0.03854398
2020-04-05,0.0
2020-04-06,1.368207
2020-04-07,-4.4703484e-05
2020-04-08,0.011520283
2020-04-09,0.00072066626
2020-04-10,0.089604676
2020-04-11,0.09065272
2020-04-12,0.5842064
2020-04-13,0.15210342
2020-04-14,0.004252153
2020-04-15,4.4703484e-05
2020-04-16,0.02177778
2020-04-17,1.9352704
2020-04-18,2.4376218
2020-04-19,0.00016550932
2020-04-20,0.0
2020-04-21,-4.4703484e-05
2020-04-22,4.4703484e-05
2020-04-23,-4.4703484e-05
2020-04-24,0.0003660541
2020-04-25,0.022576855
2020-04-26,0.8093147
2020-04-27,0.98397666
2020-04-28,6.8744297
2020-04-29,3.6162455
2020-04-30,5.358349
2020-05-01,3.2146282
2020-05-02,0.3141736
2020-05-03,1.0684838
2020-05-04,1.8695596
2020-05-05,0.13747607
2020-05-06,0.0
2020-05-07,9.15357e-05
2020-05-08,0.14058907
2020-05-09,0.37047976
2020-05-10,1.5847771
2020-05-11,0.30851823
2020-05-12,0.14454481
2020-05-13,0.17512022
2020-05-14,0.13717264
2020-05-15,0.0010458309
2020-05-16,0.075987495
2020-05-17,0.14640081
2020-05-18,0.33103827
2020-05-19,1.2160244
2020-05-20,0.008419333
2020-05-21,0.02235795
2020-05-22,0.3238511
2020-05-23,0.17105149
2020-05-24,0.16694303
2020-05-25,-4.4703484e-05
2020-05-26,0.011473628
2020-05-27,0.016854366
2020-05-28,0.0012669535
2020-05-29,0.0
2020-05-30,0.0002811707
2020-05-31,4.4703484e-05
2020-06-01,-4.4703484e-05
2020-06-02,0.0
2020-06-03,1.7491128
2020-06-04,2.0404506
2020-06-05,4.8782654
2020-06-06,6.064574
2020-06-07,2.522629
2020-06-08,0.12692775
2020-06-09,0.030681225
2020-06-10,5.671615
2020-06-11,7.0826206
2020-06-12,6.048284
2020-06-13,1.8128532
2020-06-14,0.45055887
2020-06-15,1.0551835
2020-06-16,2.7864156
2020-06-17,2.8253207
2020-06-18,8.52351
2020-06-19,1.0981355
2020-06-20,0.4465768
2020-06-21,1.7494818
2020-06-22,0.00040312964
2020-06-23,0.00072891515
2020-06-24,-4.4703484e-05
2020-06-25,0.0
2020-06-26,1.3004663
2020-06-27,4.997751
2020-06-28,1.0565501
2020-06-29,1.1847037
2020-06-30,2.5392926
2020-07-01,2.3097136
2020-07-02,4.125935
2020-07-03,2.94423
2020-07-04,3.4535859
2020-07-05,0.37816975
2020-07-06,0.51065415
2020-07-07,2.1604989
2020-07-08,4.11103
2020-07-09,6.298571
2020-07-10,3.638882
2020-07-11,0.11811086
2020-07-12,0.00020755189
2020-07-13,1.5936826
2020-07-14,1.9152714
2020-07-15,0.63725144
2020-07-16,0.13876228
2020-07-17,0.11475331
2020-07-18,2.5401008
2020-07-19,3.424299
2020-07-20,0.09771508
2020-07-21,0.08095837
2020-07-22,1.2601624
2020-07-23,3.5965965
2020-07-24,0.6532874
2020-07-25,7.439288
2020-07-26,0.3211181
2020-07-27,6.079567
2020-07-28,0.050044574
2020-07-29,0.0021852374
2020-07-30,1.176394
2020-07-31,0.6427655
2020-08-01,0.539044
2020-08-02,0.18795437
2020-08-03,0.874817
2020-08-04,0.49779797
2020-08-05,1.3511097
2020-08-06,0.13594516
2020-08-07,0.057918243
2020-08-08,0.40420586
2020-08-09,0.88418543
2020-08-10,0.042921465
2020-08-11,0.28139406
2020-08-12,0.22761701
2020-08-13,4.314818
2020-08-14,3.1287744
2020-08-15,3.79779
2020-08-16,6.568096
2020-08-17,4.073457
2020-08-18,1.431417
2020-08-19,7.3484545
2020-08-20,1.682419
2020-08-21,0.35636204
2020-08-22,1.4016595
2020-08-23,3.0955935
2020-08-24,1.4251102
2020-08-25,16.043447
2020-08-26,0.5258005
2020-08-27,9.762089
2020-08-28,15.319114
2020-08-29,4.4449635
2020-08-30,0.5439974
2020-08-31,0.036955766
2020-09-01,0.26843545
2020-09-02,3.8052049
2020-09-03,2.302797
2020-09-04,0.3123476
2020-09-05,0.59709126
2020-09-06,1.1218848
2020-09-07,1.3414952
2020-09-08,0.24662042
2020-09-09,0.14205295
2020-09-10,0.07047273
2020-09-11,0.062376436
2020-09-12,0.058816746
2020-09-13,0.009165456
2020-09-14,4.4703484e-05
2020-09-15,0.022119975
2020-09-16,0.0960614
2020-09-17,0.0049792053
2020-09-18,0.004826202
2020-09-19,0.13907583
2020-09-20,0.2342844
2020-09-21,0.019417722
2020-09-22,0.07196986
2020-09-23,8.670183
2020-09-24,11.1518755
2020-09-25,11.483529
2020-09-26,3.5373356
2020-09-27,0.38423
2020-09-28,0.23654112
2020-09-29,2.104474
2020-09-30,10.177867
2020-10-01,2.8710845
2020-10-02,11.003904
2020-10-03,13.250582
2020-10-04,12.261609
2020-10-05,2.1150084
2020-10-06,3.748651
2020-10-07,1.4768245
2020-10-08,8.920477
2020-10-09,1.1492954
2020-10-10,2.6977475
2020-10-11,1.182167
2020-10-12,4.512407
2020-10-13,4.2038097
2020-10-14,1.6239856
2020-10-15,1.3362272
2020-10-16,0.50499165
2020-10-17,0.5211576
2020-10-18,0.51270825
2020-10-19,0.23666947
2020-10-20,3.2705102
2020-10-21,12.122967
2020-10-22,0.5407738
2020-10-23,1.192009
2020-10-24,10.277788
2020-10-25,4.3834743
2020-10-26,3.130646
2020-10-27,5.468961
2020-10-28,4.1085997
2020-10-29,5.8582983
2020-10-30,1.3879052
2020-10-31,4.556007
2020-11-01,4.2042575
2020-11-02,1.6550294
2020-11-03,4.1424623
2020-11-04,0.12043322
2020-11-05,0.050701287
2020-11-06,0.0094292415
2020-11-07,0.07017196
2020-11-08,0.29464144
2020-11-09,2.365623
2020-11-10,0.53870183
2020-11-11,1.9759936
2020-11-12,4.0096636
2020-11-13,0.952429
2020-11-14,5.1491942
2020-11-15,9.392963
2020-11-16,0.96737766
2020-11-17,0.2566067
2020-11-18,1.0334537
2020-11-19,1.0877291
2020-11-20,1.3785567
2020-11-21,0.9223123
2020-11-22,0.64093816
2020-11-23,0.27615392
2020-11-24,0.2599622
2020-11-25,1.742931
2020-11-26,0.2429087
2020-11-27,0.47150397
2020-11-28,0.870306
2020-11-29,0.8538946
2020-11-30,1.7784803
2020-12-01,0.11899083
2020-12-02,0.55198914
2020-12-03,13.561986
2020-12-04,13.014351
2020-12-05,4.151842
2020-12-06,3.118019
2020-12-07,3.0522501
2020-12-08,2.4780376
2020-12-09,3.3760674
2020-12-10,1.112982
2020-12-11,9.532635
2020-12-12,1.325415
2020-12-13,7.211383
2020-12-14,3.216094
2020-12-15,0.2970047
2020-12-16,3.3744137
2020-12-17,0.86902577
2020-12-18,2.6696224
2020-12-19,3.8406587
2020-12-20,1.9976919
2020-12-21,7.680584
2020-12-22,4.1051764
2020-12-23,10.887031
2020-12-24,2.9698582
2020-12-25,0.40820304
2020-12-26,2.0547767
2020-12-27,12.783506
2020-12-28,3.268854
2020-12-29,3.7260163
2020-12-30,1.7399348
2020-12-31,0.54267675
2021-01-01,2.7614167
2021-01-02,2.7733343
2021-01-03,4.0157504
2021-01-04,3.084575
2021-01-05,3.3695886
2021-01-06,2.1181185
2021-01-07,0.4782841
2021-01-08,2.2018876
2021-01-09,0.22163065
2021-01-10,0.49214596
2021-01-11,1.9570738
2021-01-12,4.2318525
2021-01-13,4.750895
2021-01-14,14.2685375
2021-01-15,0.15349056
2021-01-16,7.706041
2021-01-17,0.19692114
2021-01-18,1.5825335
2021-01-19,10.2993965
2021-01-20,7.669671
2021-01-21,6.172826
2021-01-22,1.1648899
2021-01-23,1.4115036
2021-01-24,2.8108206
2021-01-25,0.7550596
2021-01-26,3.5414467
2021-01-27,2.1454456
2021-01-28,14.319864
2021-01-29,6.534674
2021-01-30,6.1787777
2021-01-31,1.4471612
2021-02-01,0.34458342
2021-02-02,11.038814
2021-02-03,6.7786736
2021-02-04,4.025418
2021-02-05,4.5268335
2021-02-06,8.070216
2021-02-07,4.3729815
2021-02-08,3.428457
2021-02-09,1.132072
2021-02-10,0.70576155
2021-02-11,0.14410372
2021-02-12,0.7399048
2021-02-13,0.014029177
2021-02-14,2.6667516
2021-02-15,2.1834068
2021-02-16,2.8982737
2021-02-17,2.8469796
2021-02-18,2.754857
2021-02-19,0.3026363
2021-02-20,0.8619481
2021-02-21,0.37516138
2021-02-22,0.78954
2021-02-23,0.059770506
2021-02-24,0.18386525
2021-02-25,0.4135614
2021-02-26,0.0002683096
2021-02-27,0.0024623282
2021-02-28,0.010575922
2021-03-01,0.09555449
2021-03-02,0.068887
2021-03-03,1.2341143
2021-03-04,1.5305518
2021-03-05,0.27034023
2021-03-06,0.14474039
2021-03-07,0.031989954
2021-03-08,2.0351107
2021-03-09,0.07548769
2021-03-10,9.847952
2021-03-11,1.2103082
2021-03-12,2.6240072
2021-03-13,5.1577816
2021-03-14,1.592406
2021-03-15,0.6161735
2021-03-16,3.356964
2021-03-17,0.22578382
2021-03-18,2.620459
2021-03-19,0.6928123
2021-03-20,0.21346019
2021-03-21,0.071821906
2021-03-22,0.030168464
2021-03-23,0.033686202
2021-03-24,0.13085455
2021-03-25,0.39136907
2021-03-26,2.7612083
2021-03-27,0.3246006
2021-03-28,1.3007139
2021-03-29,0.0065108314
2021-03-30,0.0018708054
2021-03-31,0.0686038
2021-04-01,0.15901092
2021-04-02,0.020656202
2021-04-03,0.16181801
2021-04-04,0.029357903
2021-04-05,1.1132938
2021-04-06,0.9530696
2021-04-07,0.37797478
2021-04-08,0.14694132
2021-04-09,1.0845301
2021-04-10,1.7747608
2021-04-11,2.1439443
2021-04-12,1.445746
2021-04-13,0.21295045
2021-04-14,0.19461599
2021-04-15,0.67996794
2021-04-16,0.121178634
2021-04-17,1.7739478e-07
2021-04-18,0.0
2021-04-19,0.012952834
2021-04-20,0.033114992
2021-04-21,0.06579235
2021-04-22,0.0
2021-04-23,0.0
2021-04-24,4.4703484e-05
2021-04-25,0.040081996
2021-04-26,0.23435162
2021-04-27,2.9835377
2021-04-28,0.74034333
2021-04-29,1.2812334
2021-04-30,2.0698202
2021-05-01,1.1803465
2021-05-02,1.1180502
2021-05-03,8.28173
2021-05-04,4.2054815
2021-05-05,2.0730808
2021-05-06,1.8613701
2021-05-07,0.8947437
2021-05-08,12.936121
2021-05-09,2.6331897
2021-05-10,1.3643728
2021-05-11,2.9885242
2021-05-12,0.5459089
2021-05-13,2.3479505
2021-05-14,1.1814193
2021-05-15,3.2859335
2021-05-16,3.9931188
2021-05-17,3.9686444
2021-05-18,3.98876
2021-05-19,4.3363676
2021-05-20,4.799623
2021-05-21,4.727955
2021-05-22,4.3349295
2021-05-23,4.850447
2021-05-24,6.346371
2021-05-25,2.6762552
2021-05-26,2.4648323
2021-05-27,0.05599413
2021-05-28,0.39931786
2021-05-29,0.10416826
2021-05-30,0.012326364
2021-05-31,0.0009518117
2021-06-01,4.4703484e-05
2021-06-02,0.60710925
2021-06-03,0.70244646
2021-06-04,6.715235
2021-06-05,0.025771912
2021-06-06,0.36650667
2021-06-07,0.8417334
2021-06-08,0.0119001735
2021-06-09,0.018935118
2021-06-10,0.09227251
2021-06-11,0.12864713
2021-06-12,0.051799454
2021-06-13,0.00032170542
2021-06-14,0.03179553
2021-06-15,0.03271213
2021-06-16,6.0710154
2021-06-17,8.065679
2021-06-18,20.934591
2021-06-19,2.262746
2021-06-20,3.365249
2021-06-21,8.3190365
2021-06-22,2.1882946
2021-06-23,0.023933837
2021-06-24,1.4030892
2021-06-25,4.111299
2021-06-26,0.59169185
2021-06-27,5.615837
2021-06-28,5.553043
2021-06-29,1.8968613
2021-06-30,0.81951946
2021-07-01,0.89617735
2021-07-02,1.4056408
2021-07-03,6.85125
2021-07-04,4.1718144
2021-07-05,6.455038
2021-07-06,9.680231
2021-07-07,3.3966663
2021-07-08,0.6002606
2021-07-09,0.7660013
2021-07-10,2.2362428
2021-07-11,1.607057
2021-07-12,7.578585
2021-07-13,0.8234818
2021-07-14,0.21120737
2021-07-15,0.06669404
2021-07-16,0.0055088177
2021-07-17,0.00023256455
2021-07-18,0.08198344
2021-07-19,0.3633729
2021-07-20,2.5047483
2021-07-21,0.22247362
2021-07-22,0.1109151
2021-07-23,0.42154384
2021-07-24,2.5920737
2021-07-25,5.874913
2021-07-26,0.96081066
2021-07-27,6.2562814
2021-07-28,6.1078777
2021-07-29,0.5315735
2021-07-30,8.106869
2021-07-31,3.1332915
2021-08-01,2.7508507
2021-08-02,1.2877318
2021-08-03,1.868886
2021-08-04,0.338449
2021-08-05,5.0545087
2021-08-06,5.372573
2021-08-07,6.830417
2021-08-08,5.6116924
2021-08-09,4.6398478
2021-08-10,0.74697405
2021-08-11,0.5085246
2021-08-12,0.24443012
2021-08-13,0.105749644
2021-08-14,0.8584008
2021-08-15,1.8296579
2021-08-16,0.6401244
2021-08-17,4.79169
2021-08-18,0.5816287
2021-08-19,1.4003687
2021-08-20,0.46285844
2021-08-21,6.245349
2021-08-22,6.3382797
2021-08-23,0.10023674
2021-08-24,0.27549857
2021-08-25,0.2780114
2021-08-26,0.5575721
2021-08-27,0.1987728
2021-08-28,0.20408736
2021-08-29,0.21916184
2021-08-30,0.22239567
2021-08-31,0.3415755
2021-09-01,0.4819306
2021-09-02,0.30315515
2021-09-03,0.4424323
2021-09-04,0.51499325
2021-09-05,0.28397986
2021-09-06,1.1617588
2021-09-07,0.0009142927
2021-09-08,0.54364854
2021-09-09,2.2101393
2021-09-10,2.7963
2021-09-11,0.30175126
2021-09-12,0.2082071
2021-09-13,0.512635
2021-09-14,18.100466
2021-09-15,1.2485931
2021-09-16,0.2457425
2021-09-17,0.12967496
2021-09-18,0.22033301
2021-09-19,8.976181
2021-09-20,1.3436832
2021-09-21,0.042841814
2021-09-22,0.004103673
2021-09-23,0.17137799
2021-09-24,0.075093955
2021-09-25,0.19460082
2021-09-26,0.46395013
2021-09-27,6.582626
2021-09-28,15.685449
2021-09-29,2.5066254
2021-09-30,4.038933
2021-10-01,3.4280455
2021-10-02,13.771413
2021-10-03,3.8165855
2021-10-04,4.1355314
2021-10-05,14.035431
2021-10-06,0.9841418
2021-10-07,0.2770604
2021-10-08,0.16079365
2021-10-09,0.119967654
2021-10-10,0.39037725
2021-10-11,0.32443607
2021-10-12,0.8020445
2021-10-13,0.28926072
2021-10-14,0.69146293
2021-10-15,0.51157045
2021-10-16,1.1516516
2021-10-17,3.5892208
2021-10-18,5.0547423
2021-10-19,5.430703
2021-10-20,17.296606
2021-10-21,3.835894
2021-10-22,0.46716613
2021-10-23,0.08500234
2021-10-24,0.56030244
2021-10-25,2.7938504
2021-10-26,1.2423526
2021-10-27,0.3505837
2021-10-28,0.7733803
2021-10-29,3.945609
2021-10-30,2.7523296
2021-10-31,9.057871
2021-11-01,5.3062196
2021-11-02,0.73517966
2021-11-03,2.8354356
2021-11-04,2.8069026
2021-11-05,0.03711959
2021-11-06,1.545432
2021-11-07,0.20576197
2021-11-08,0.11934872
2021-11-09,0.3947607
2021-11-10,0.6831957
2021-11-11,0.13872007
2021-11-12,2.237772
2021-11-13,0.3764098
2021-11-14,0.5941414
2021-11-15,0.22763768
2021-11-16,0.5629008
2021-11-17,0.048007637
2021-11-18,0.09172037
2021-11-19,0.15954381
2021-11-20,0.38981143
2021-11-21,1.6816196
2021-11-22,0.4210371
2021-11-23,0.1039937
2021-11-24,0.3350731
2021-11-25,0.68011606
2021-11-26,6.352647
2021-11-27,9.801302
2021-11-28,1.5623786
2021-11-29,1.2411214
2021-11-30,4.0640063
2021-12-01,6.2318797
2021-12-02,2.3138828
2021-12-03,3.576562
2021-12-04,4.312099
2021-12-05,4.333775
2021-12-06,5.109016
2021-12-07,7.9183726
2021-12-08,3.4685028
2021-12-09,4.713924
2021-12-10,3.5983284
2021-12-11,2.628599
2021-12-12,1.3934451
2021-12-13,2.552726
2021-12-14,0.26736045
2021-12-15,0.27705872
2021-12-16,0.1505812
2021-12-17,0.08748667
2021-12-18,0.23646563
2021-12-19,0.44782755
2021-12-20,0.25102133
2021-12-21,0.064636365
2021-12-22,1.3927062
2021-12-23,2.6153364
2021-12-24,5.7914257
2021-12-25,2.6389754
2021-12-26,9.754441
2021-12-27,4.264655
2021-12-28,3.192517
2021-12-29,4.3806
2021-12-30,2.5482407
2021-12-31,1.4470401
2022-01-01,0.49299613
2022-01-02,3.7017334
2022-01-03,2.586339
2022-01-04,2.254152
2022-01-05,0.3177423
2022-01-06,2.3909595
2022-01-07,1.4486436
2022-01-08,9.442193
2022-01-09,0.3063944
2022-01-10,0.9170182
2022-01-11,2.2043738
2022-01-12,0.061846383
2022-01-13,0.002710681
2022-01-14,0.0027021659
2022-01-15,0.11892634
2022-01-16,1.145891
2022-01-17,0.00026094774
2022-01-18,0.054736134
2022-01-19,0.31227893
2022-01-20,0.26979235
2022-01-21,0.0092919385
2022-01-22,0.034773234
2022-01-23,0.15510033
2022-01-24,0.06851909
2022-01-25,0.11704525
2022-01-26,0.05284914
2022-01-27,0.29707798
2022-01-28,0.15191086
2022-01-29,0.27563423
2022-01-30,0.5671588
2022-01-31,0.32245073
2022-02-01,0.7690002
2022-02-02,0.64967686
2022-02-03,0.4807809
2022-02-04,3.6854615
2022-02-05,1.1060582
2022-02-06,3.308983
2022-02-07,0.08733499
2022-02-08,1.1633348
2022-02-09,0.7528039
2022-02-10,1.1231823
2022-02-11,0.024100676
2022-02-12,1.3196839
2022-02-13,9.478829
2022-02-14,5.107493
2022-02-15,3.6098804
2022-02-16,4.248206
2022-02-17,0.1193348
2022-02-18,8.199755
2022-02-19,4.1426125
2022-02-20,7.9851923
2022-02-21,1.2599406
2022-02-22,0.70969343
2022-02-23,0.30753592
2022-02-24,3.6397014
2022-02-25,0.07723822
2022-02-26,7.858589e-05
2022-02-27,0.0
2022-02-28,6.6822333
2022-03-01,3.9299126
2022-03-02,4.889422
2022-03-03,0.5452716
2022-03-04,5.4387546
2022-03-05,2.263424
2022-03-06,0.3470944
2022-03-07,0.02773869
2022-03-08,0.010835451
2022-03-09,0.087281205
2022-03-10,0.33485678
2022-03-11,3.999546
2022-03-12,1.2438344
2022-03-13,2.4289684
2022-03-14,0.6487039
2022-03-15,0.30167773
2022-03-16,12.335059
2022-03-17,0.3700825
2022-03-18,0.0029349078
2022-03-19,4.4703484e-05
2022-03-20,0.073394164
2022-03-21,0.14213713
2022-03-22,0.11024034
2022-03-23,0.001261809
2022-03-24,0.00018537755
2022-03-25,0.0
2022-03-26,0.00024334127
2022-03-27,0.020725299
2022-03-28,0.6043571
2022-03-29,1.3555428
2022-03-30,4.185348
2022-03-31,2.6593354
2022-04-01,1.3839811
2022-04-02,1.029864
2022-04-03,0.42022738
2022-04-04,5.649651
2022-04-05,1.9898009
2022-04-06,2.7678573
2022-04-07,4.1103454
2022-04-08,2.2909257
2022-04-09,0.55793434
2022-04-10,0.00022511397
2022-04-11,0.60853374
2022-04-12,3.7397366
2022-04-13,1.8414079
2022-04-14,0.08199559
2022-04-15,0.1474917
2022-04-16,0.0007312213
2022-04-17,4.4703484e-05
2022-04-18,0.036010604
2022-04-19,0.37314752
2022-04-20,0.022387043
2022-04-21,0.00032179413
2022-04-22,0.22026338
2022-04-23,0.45471427
2022-04-24,0.11510163
2022-04-25,0.6797599
2022-04-26,0.21907297
2022-04-27,0.04390911
2022-04-28,0.14227761
2022-04-29,0.037978712
2022-04-30,0.2522136
2022-05-01,1.422792
2022-05-02,0.5476221
2022-05-03,0.5287768
2022-05-04,3.4217374
2022-05-05,0.009786248
2022-05-06,1.6555477
2022-05-07,1.0211947
2022-05-08,0.016403252
2022-05-09,0.23700225
2022-05-10,0.46387643
2022-05-11,3.7215977
2022-05-12,0.106992915
2022-05-13,0.0836725
2022-05-14,0.10999034
2022-05-15,5.8794594
2022-05-16,6.7528386
2022-05-17,1.8299314
2022-05-18,1.343518
2022-05-19,2.725952
2022-05-20,2.487717
2022-05-21,0.11506473
2022-05-22,0.54119
2022-05-23,3.8177407
2022-05-24,5.3379574
2022-05-25,0.42460933
2022-05-26,0.45155886
2022-05-27,0.102369286
2022-05-28,0.37701765
2022-05-29,1.279013
2022-05-30,3.030728
2022-05-31,4.5170674
2022-06-01,1.0834843
2022-06-02,0.077002816
2022-06-03,1.467553
2022-06-04,4.1091976
2022-06-05,12.611543
2022-06-06,4.6499157
2022-06-07,0.9948251
2022-06-08,4.86364
2022-06-09,0.30622214
2022-06-10,0.33801296
2022-06-11,0.039237775
2022-06-12,0.06039849
2022-06-13,0.0016536741
2022-06-14,0.066655286
2022-06-15,0.039452154
2022-06-16,0.105623774
2022-06-17,0.38897628
2022-06-18,9.231237
2022-06-19,2.3865004
2022-06-20,0.22524743
2022-06-21,0.28775322
2022-06-22,0.0034254931
2022-06-23,0.9223226
2022-06-24,2.2470293
2022-06-25,1.2398193
2022-06-26,0.2779611
2022-06-27,1.434137
2022-06-28,0.14278479
2022-06-29,3.0924497
2022-06-30,2.6136787
2022-07-01,1.7875955
2022-07-02,1.0701329
2022-07-03,0.45918867
2022-07-04,0.08406304
2022-07-05,0.23363574
2022-07-06,0.49796158
2022-07-07,0.06879121
2022-07-08,0.0012772424
2022-07-09,0.018383687
2022-07-10,0.0
2022-07-11,0.0007715786
2022-07-12,0.23786218
2022-07-13,0.07865711
2022-07-14,0.20793559
2022-07-15,0.8103973
2022-07-16,0.12905061
2022-07-17,0.4070136
2022-07-18,0.0822961
2022-07-19,0.07161197
2022-07-20,1.9506564
2022-07-21,0.42160717
2022-07-22,1.8851147
2022-07-23,1.1047995
2022-07-24,1.7524266
2022-07-25,1.1550992
2022-07-26,0.7169428
2022-07-27,0.5997461
2022-07-28,0.2884815
2022-07-29,0.0608857
2022-07-30,2.952043
2022-07-31,4.3002076
2022-08-01,0.5815779
2022-08-02,2.5052013
2022-08-03,0.3463413
2022-08-04,0.20065655
2022-08-05,0.2150839
2022-08-06,0.0012658004
2022-08-07,0.0051488834
2022-08-08,0.007811047
2022-08-09,0.0059001506
2022-08-10,0.0
2022-08-11,4.4126948e-05
2022-08-12,0.0
2022-08-13,-2.2351742e-05
2022-08-14,0.0048353383
2022-08-15,0.76776546
2022-08-16,5.1389165
2022-08-17,8.424987
2022-08-18,0.9262883
2022-08-19,0.5631509
2022-08-20,0.34550694
2022-08-21,0.11448899
2022-08-22,2.8037584
2022-08-23,1.2399235
2022-08-24,0.8193834
2022-08-25,12.705453
2022-08-26,0.22597381
2022-08-27,0.23147793
2022-08-28,0.26235923
2022-08-29,0.35423592
2022-08-30,0.63650125
2022-08-31,0.33051848
2022-09-01,1.9607146
2022-09-02,3.2589521
2022-09-03,0.75551355
2022-09-04,1.641689
2022-09-05,3.5740108
2022-09-06,9.492316
2022-09-07,5.4595146
2022-09-08,7.509297
2022-09-09,5.9607596
2022-09-10,0.71531045
2022-09-11,2.2958972
2022-09-12,4.6099105
2022-09-13,6.579264
2022-09-14,3.2310033
2022-09-15,0.43258265
2022-09-16,1.2495527
2022-09-17,0.3768452
2022-09-18,1.1571171
2022-09-19,0.09465084
2022-09-20,0.14033745
2022-09-21,0.043652065
2022-09-22,2.3467705
2022-09-23,7.20794
2022-09-24,1.6600114
2022-09-25,0.67731994
2022-09-26,5.2839956
2022-09-27,2.3552127
2022-09-28,2.4354732
2022-09-29,0.6544287
2022-09-30,10.214701
2022-10-01,0.7969084
2022-10-02,2.59515
2022-10-03,0.019416302
2022-10-04,0.6112167
2022-10-05,3.4346404
2022-10-06,0.041784897
2022-10-07,2.122342
2022-10-08,0.010907473
2022-10-09,0.06844103
2022-10-10,3.024343
2022-10-11,0.03550752
2022-10-12,1.7636387
2022-10-13,1.8688525
2022-10-14,0.96104467
2022-10-15,3.0991027
2022-10-16,3.1690626
2022-10-17,3.3536615
2022-10-18,0.008333297
2022-10-19,0.80298287
2022-10-20,21.49002
2022-10-21,4.351544
2022-10-22,0.8523019
2022-10-23,17.801105
2022-10-24,5.167601
2022-10-25,0.68155605
2022-10-26,1.1714388
2022-10-27,4.594351
2022-10-28,1.4737273
2022-10-29,4.4010453
2022-10-30,3.7817876
2022-10-31,3.8509994
2022-11-01,7.8727603
2022-11-02,4.5787864
2022-11-03,14.334416
2022-11-04,1.4483279
2022-11-05,3.8499932
2022-11-06,10.478349
2022-11-07,3.1426556
2022-11-08,5.0597258
2022-11-09,3.3303907
2022-11-10,0.21138085
2022-11-11,0.06663143
2022-11-12,0.10695122
2022-11-13,0.049781762
2022-11-14,0.5910271
2022-11-15,11.702837
2022-11-16,10.123587
2022-11-17,12.358069
2022-11-18,2.118665
2022-11-19,1.432074
2022-11-20,3.88168
2022-11-21,6.9206305
2022-11-22,3.8487713
2022-11-23,7.923865
2022-11-24,5.3546433
2022-11-25,0.56016374
2022-11-26,0.9387263
2022-11-27,9.711913
2022-11-28,1.4064415
2022-11-29,0.43745595
2022-11-30,0.35262287
2022-12-01,0.21252692
2022-12-02,0.86809325
2022-12-03,1.8389995
2022-12-04,2.2814455
2022-12-05,1.090431
2022-12-06,1.0663824
2022-12-07,1.74362
2022-12-08,1.62387
2022-12-09,0.42029107
2022-12-10,1.8298672
2022-12-11,4.301251
2022-12-12,1.2561785
2022-12-13,0.14725018
2022-12-14,0.7736087
2022-12-15,0.46687716
2022-12-16,0.06902368
2022-12-17,0.7251059
2022-12-18,7.4777546
2022-12-19,6.4103403
2022-12-20,3.3159113
2022-12-21,1.9110439
2022-12-22,5.283169
2022-12-23,9.596345
2022-12-24,0.9332897
2022-12-25,2.275972
2022-12-26,1.1921884
2022-12-27,4.561573
2022-12-28,6.84811
2022-12-29,1.1904335
2022-12-30,4.772501
2022-12-31,12.059287
2023-01-01,3.0502045
2023-01-02,1.0578699
2023-01-03,7.2997155
2023-01-04,1.472331
2023-01-05,0.45591056
2023-01-06,2.4208302
2023-01-07,4.1506286
2023-01-08,3.0239415
2023-01-09,1.5575054
2023-01-10,8.3473
2023-01-11,1.8297701
2023-01-12,6.083599
2023-01-13,0.6430643
2023-01-14,11.213397
2023-01-15,1.8502179
2023-01-16,5.917824
2023-01-17,0.122717716
2023-01-18,1.4526668
2023-01-19,0.5066466
2023-01-20,0.291915
2023-01-21,0.02618675
2023-01-22,0.025350643
2023-01-23,0.054038797
2023-01-24,0.07270995
2023-01-25,2.2813137
2023-01-26,0.60115856
2023-01-27,0.13796413
2023-01-28,0.08421719
2023-01-29,0.34298223
2023-01-30,0.13337179
2023-01-31,0.08980354
2023-02-01,0.38268673
2023-02-02,0.46385062
2023-02-03,0.15481588
2023-02-04,0.16283643
2023-02-05,0.019544693
2023-02-06,9.641406e-05
2023-02-07,0.0049123275
2023-02-08,0.000867904
2023-02-09,0.03989626
2023-02-10,0.058301236
2023-02-11,0.08634265
2023-02-12,0.19437544
2023-02-13,0.117772125
2023-02-14,4.4703484e-05
2023-02-15,0.16994135
2023-02-16,2.6325557
2023-02-17,0.6941889
2023-02-18,2.5363474
2023-02-19,0.070805706
2023-02-20,0.12119345
2023-02-21,0.14420006
2023-02-22,2.3721328
2023-02-23,0.61925954
2023-02-24,0.38160595
2023-02-25,0.71766025
2023-02-26,0.563007
2023-02-27,0.54136914
2023-02-28,1.2373835
2023-03-01,0.757804
2023-03-02,0.095505625
2023-03-03,0.20212388
2023-03-04,0.49533474
2023-03-05,0.5347117
2023-03-06,2.2298105
2023-03-07,2.6106765
2023-03-08,6.980742
2023-03-09,8.111499
2023-03-10,6.824729
2023-03-11,1.8062629
2023-03-12,4.612221
2023-03-13,4.420341
2023-03-14,3.156925
2023-03-15,2.3669925
2023-03-16,4.2350845
2023-03-17,2.2591705
2023-03-18,4.340597
2023-03-19,0.7865065
2023-03-20,4.413648
2023-03-21,2.8405526
2023-03-22,4.501071
2023-03-23,5.5417333
2023-03-24,0.6461652
2023-03-25,2.139401
2023-03-26,6.047753
2023-03-27,0.1487198
2023-03-28,3.5929077
2023-03-29,3.1172786
2023-03-30,5.1451626
2023-03-31,8.410006
2023-04-01,3.3351157
2023-04-02,0.10584206
2023-04-03,0.006953609
2023-04-04,4.4703484e-05
2023-04-05,3.6862254
2023-04-06,6.5369945
2023-04-07,0.25449845
2023-04-08,0.03540356
2023-04-09,0.010676505
2023-04-10,9.383397
2023-04-11,6.998987
2023-04-12,4.0833216
2023-04-13,2.108228
2023-04-14,5.9400063
2023-04-15,2.7611837
2023-04-16,0.09645974
2023-04-17,0.046618547
2023-04-18,0.091724984
2023-04-19,0.10541401
2023-04-20,0.24440353
2023-04-21,5.1612744
2023-04-22,2.236441
2023-04-23,5.6953907
2023-04-24,2.4655674
2023-04-25,0.35373315
2023-04-26,0.33052063
2023-04-27,6.2042093
2023-04-28,3.0897794
2023-04-29,0.57303905
2023-04-30,1.134615
2023-05-01,1.3391072
2023-05-02,0.04713654
2023-05-03,0.00015912311
2023-05-04,0.31795812
2023-05-05,3.510392
2023-05-06,5.344098
2023-05-07,1.0014298
2023-05-08,5.799566
2023-05-09,10.058251
2023-05-10,3.3868377
2023-05-11,2.4169643
2023-05-12,1.4600881
2023-05-13,0.12076947
2023-05-14,0.4546418
2023-05-15,0.9242481
2023-05-16,0.14279011
2023-05-17,0.394434
2023-05-18,0.18899418
2023-05-19,0.72919154
2023-05-20,0.0065086144
2023-05-21,0.00064376567
2023-05-22,0.036191992
2023-05-23,0.058664095
2023-05-24,0.0006828812
2023-05-25,0.00021988084
2023-05-26,0.00015362387
2023-05-27,5.7121117e-05
2023-05-28,0.0027512156
2023-05-29,0.0020712614
2023-05-30,0.13267559
2023-05-31,0.15338759
2023-06-01,0.12183039
2023-06-02,0.032147657
2023-06-03,0.005420918
2023-06-04,0.04200735
2023-06-05,0.11025964
2023-06-06,0.1860983
2023-06-07,0.0663421
2023-06-08,0.0321528
2023-06-09,0.00038627713
2023-06-10,0.023557762
2023-06-11,0.4002795
2023-06-12,0.27309552
2023-06-13,0.004187492
2023-06-14,0.0
2023-06-15,0.014822132
2023-06-16,0.0
2023-06-17,0.2185525
2023-06-18,13.021188
2023-06-19,3.6817207
2023-06-20,8.662494
2023-06-21,0.22315492
2023-06-22,0.21245073
2023-06-23,0.25917447
2023-06-24,0.38163185
2023-06-25,0.62668186
2023-06-26,0.28147122
2023-06-27,2.117989
2023-06-28,2.292391
2023-06-29,3.1186829
2023-06-30,2.7439647
2023-07-01,0.5601319
2023-07-02,0.062050298
2023-07-03,2.0566885
2023-07-04,5.3013535
2023-07-05,1.7673537
2023-07-06,0.12609506
2023-07-07,0.005197578
2023-07-08,4.748038
2023-07-09,1.179196
2023-07-10,0.48180333
2023-07-11,5.058776
2023-07-12,1.5289997
2023-07-13,0.5782298
2023-07-14,12.289486
2023-07-15,2.004465
2023-07-16,0.9711508
2023-07-17,1.1187252
2023-07-18,1.5811378
2023-07-19,2.025756
2023-07-20,0.2522742
2023-07-21,0.85299027
2023-07-22,9.87109
2023-07-23,9.577624
2023-07-24,5.0168734
2023-07-25,1.4418612
2023-07-26,6.0339437
2023-07-27,8.102795
2023-07-28,0.47225514
2023-07-29,0.80568683
2023-07-30,2.9203355
2023-07-31,6.762866
2023-08-01,1.2451926
2023-08-02,13.555882
2023-08-03,0.78706294
2023-08-04,3.5027306
2023-08-05,11.540375
2023-08-06,1.4410143
2023-08-07,0.22193684
2023-08-08,1.1517932
2023-08-09,0.07541948
2023-08-10,0.010619206
2023-08-11,0.32328528
2023-08-12,0.6633926
2023-08-13,0.6572733
2023-08-14,7.2954545
2023-08-15,0.5709541
2023-08-16,0.3800739
2023-08-17,0.050329737
2023-08-18,4.3557696
2023-08-19,2.057949
2023-08-20,0.14759511
2023-08-21,0.16774184
2023-08-22,0.0680089
2023-08-23,0.22128128
2023-08-24,5.056382
2023-08-25,1.3262318
2023-08-26,4.2809997
2023-08-27,2.240477
2023-08-28,0.26642302
2023-08-29,1.5427324
2023-08-30,0.90121055
2023-08-31,4.3183956
2023-09-01,6.1017923
2023-09-02,0.18359038
2023-09-03,0.02951911
2023-09-04,0.0
2023-09-05,-4.4703484e-05
2023-09-06,0.0039695627
2023-09-07,0.019414084
2023-09-08,0.023039324
2023-09-09,0.5900479
2023-09-10,1.726729
2023-09-11,1.1458284
2023-09-12,9.177094
2023-09-13,0.28910327
2023-09-14,0.67565715
2023-09-15,1.8776102
2023-09-16,0.48910984
2023-09-17,5.00527
2023-09-18,8.242681
2023-09-19,3.979169
2023-09-20,11.6304655
2023-09-21,2.5031202
2023-09-22,1.4662708
2023-09-23,0.48909232
2023-09-24,0.98020923
2023-09-25,0.37503165
2023-09-26,3.3739066
2023-09-27,0.4595338
2023-09-28,1.8211532
2023-09-29,1.7578205
2023-09-30,1.8103055
2023-10-01,1.1969967
2023-10-02,5.9674854
2023-10-03,1.5226823
2023-10-04,0.51951534
2023-10-05,1.7436576
2023-10-06,1.095977
2023-10-07,0.7857062
2023-10-08,0.49432677
2023-10-09,0.6704559
2023-10-10,0.19880465
2023-10-11,5.957464
2023-10-12,4.523036
2023-10-13,15.570736
2023-10-14,0.3156855
2023-10-15,0.13103026
2023-10-16,0.013267888
2023-10-17,0.038949594
2023-10-18,11.132669
2023-10-19,12.684342
2023-10-20,21.906961
2023-10-21,6.301864
2023-10-22,0.47725794
2023-10-23,2.2646124
2023-10-24,4.3338943
2023-10-25,2.718459
2023-10-26,9.680101
2023-10-27,6.352137
2023-10-28,10.173802
2023-10-29,11.341589
2023-10-30,2.2198992
2023-10-31,6.565736
2023-11-01,8.370342
2023-11-02,18.8238
2023-11-03,1.8613037
2023-11-04,9.708632
2023-11-05,3.945076
2023-11-06,2.6533144
2023-11-07,3.0898023
2023-11-08,5.2483983
2023-11-09,5.3921003
2023-11-10,4.3347287
2023-11-11,0.5377291
2023-11-12,2.708127
2023-11-13,9.269388
2023-11-14,5.5086665
2023-11-15,0.82157785
2023-11-16,4.501211
2023-11-17,1.2218555
2023-11-18,9.007916
2023-11-19,1.9723177
2023-11-20,3.280285
2023-11-21,1.1013528
2023-11-22,0.21366216
2023-11-23,0.40968
2023-11-24,0.5037295
2023-11-25,0.4130144
2023-11-26,2.9956875
2023-11-27,10.5842705
2023-11-28,2.1352668
2023-11-29,1.7463267
2023-11-30,1.7305545
2023-12-01,0.8455574
2023-12-02,0.5100683
2023-12-03,8.539431
2023-12-04,12.496273
2023-12-05,3.510635
2023-12-06,0.06518779
2023-12-07,10.906763
2023-12-08,1.371226
2023-12-09,10.182494
2023-12-10,4.435194
2023-12-11,1.1169585
2023-12-12,7.2441792
2023-12-13,2.1873395
2023-12-14,0.56408054
2023-12-15,0.02384913
2023-12-16,0.14366865
2023-12-17,0.10692904
2023-12-18,1.6665998
2023-12-19,8.1738205
2023-12-20,0.8367184
2023-12-21,0.34182873
2023-12-22,1.3555589
2023-12-23,1.4558009
2023-12-24,0.88021547
2023-12-25,2.1527448
2023-12-26,0.3905472
2023-12-27,10.406537
2023-12-28,1.5454966
2023-12-29,2.607483
2023-12-30,3.8009746
2023-12-31,12.686718
2024-01-01,9.348297
2024-01-02,16.803513
2024-01-03,4.973141
2024-01-04,7.8114243
2024-01-05,4.7253284
2024-01-06,0.8936809
2024-01-07,0.477796
2024-01-08,0.7204291
2024-01-09,0.09917867
2024-01-10,0.19922861
2024-01-11,0.119188085
2024-01-12,0.37563184
2024-01-13,0.14924587
2024-01-14,1.0690192
2024-01-15,1.1654488
2024-01-16,1.0097312
2024-01-17,2.1016233
2024-01-18,0.798759
2024-01-19,0.0
2024-01-20,0.20817198
2024-01-21,4.322315
2024-01-22,2.2668104
2024-01-23,4.147672
2024-01-24,0.08992115
2024-01-25,1.4405655
2024-01-26,1.8204918
2024-01-27,0.0017217938
2024-01-28,0.00205024
2024-01-29,5.224783
2024-01-30,0.8810203
2024-01-31,0.6830838
2024-02-01,0.3372318
2024-02-02,0.33340672
2024-02-03,0.5588935
2024-02-04,0.68719655
2024-02-05,0.11629753
2024-02-06,5.958599
2024-02-07,5.9334536
2024-02-08,15.202175
2024-02-09,9.598507
2024-02-10,4.7533164
2024-02-11,8.39593
2024-02-12,0.2538984
2024-02-13,3.7963173
2024-02-14,3.3991811
2024-02-15,4.332278
2024-02-16,3.3379128
2024-02-17,5.854736
2024-02-18,12.066827
2024-02-19,1.1038699
2024-02-20,0.55993134
2024-02-21,6.33865
2024-02-22,10.70775
2024-02-23,4.3243046
2024-02-24,2.1167765
2024-02-25,4.6806407
2024-02-26,3.7685733
2024-02-27,0.40954626
2024-02-28,1.3539733
2024-02-29,6.7081833
2024-03-01,4.7669435
2024-03-02,4.553939
2024-03-03,0.06669688
2024-03-04,1.0109104
2024-03-05,3.9223247
2024-03-06,0.7660347
2024-03-07,0.4354082
2024-03-08,0.1427783
2024-03-09,0.8943833
2024-03-10,5.6090426
2024-03-11,0.66272646
2024-03-12,6.281518
2024-03-13,0.5294318
2024-03-14,1.7424012
2024-03-15,2.661403
2024-03-16,1.6512393
2024-03-17,7.7867713
2024-03-18,0.35594326
2024-03-19,0.5686293
2024-03-20,3.6531672
2024-03-21,0.39786032
2024-03-22,0.6973576
2024-03-23,1.1697414
2024-03-24,0.6400047
2024-03-25,0.81678003
2024-03-26,4.6440773
2024-03-27,3.9452734
2024-03-28,7.474731
2024-03-29,1.5098133
2024-03-30,0.09586086
2024-03-31,2.30443
2024-04-01,2.8794308
2024-04-02,4.8666444
2024-04-03,4.769808
2024-04-04,4.924888
2024-04-05,4.5894046
2024-04-06,1.7545676
2024-04-07,0.481959
2024-04-08,2.3737965
2024-04-09,3.7901714
2024-04-10,1.8860945
2024-04-11,1.4220649
2024-04-12,0.015804455
2024-04-13,0.23151171
2024-04-14,0.012915581
2024-04-15,4.822288
2024-04-16,2.927765
2024-04-17,1.6604693
2024-04-18,2.4724324
2024-04-19,1.7077035
2024-04-20,0.18966997
2024-04-21,0.14593665
2024-04-22,3.0587351
2024-04-23,1.5562838
2024-04-24,0.77083796
2024-04-25,2.2694771
2024-04-26,2.449204
2024-04-27,6.347794
2024-04-28,10.953844
2024-04-29,0.18819307
2024-04-30,0.13466586
2024-05-01,1.8349065
2024-05-02,2.7849522
2024-05-03,3.9484515
2024-05-04,0.9350784
2024-05-05,0.5343456
2024-05-06,5.818709
2024-05-07,0.22168119
2024-05-08,0.013137857
2024-05-09,0.0110960435
2024-05-10,0.0037673328
2024-05-11,0.007907018
2024-05-12,0.03864483
2024-05-13,0.48281935
2024-05-14,7.8565235
2024-05-15,2.0781395
2024-05-16,4.049348
2024-05-17,0.31207183
2024-05-18,1.7435127
2024-05-19,0.048802543
2024-05-20,0.14128943
2024-05-21,4.966173
2024-05-22,14.9229765
2024-05-23,0.20134787
2024-05-24,0.15671073
2024-05-25,0.9366916
2024-05-26,5.6102333
2024-05-27,1.2577554
2024-05-28,4.830683
2024-05-29,1.7191613
2024-05-30,5.0953255
2024-05-31,1.9948003
2024-06-01,0.16586687
2024-06-02,0.0017084004
2024-06-03,0.25842932
2024-06-04,2.5700848
2024-06-05,0.31666723
2024-06-06,0.41726276
2024-06-07,0.1875674
2024-06-08,0.4926195
2024-06-09,0.9738251
2024-06-10,7.8918386
2024-06-11,1.6715908
2024-06-12,1.1627665
2024-06-13,2.6398344
2024-06-14,4.581918
2024-06-15,5.7961354
2024-06-16,1.8849133
2024-06-17,1.1049291
2024-06-18,0.9627676
2024-06-19,0.019301528
2024-06-20,0.008829648
2024-06-21,0.040093258
2024-06-22,1.0208497
2024-06-23,0.11505301
2024-06-24,0.0072212094
2024-06-25,4.4703484e-05
2024-06-26,0.0034198165
2024-06-27,0.011317964
2024-06-28,0.111683585
2024-06-29,0.4653073
2024-06-30,0.8363111
2024-07-01,1.308225
2024-07-02,1.2099589
2024-07-03,3.7115898
2024-07-04,0.28517595
2024-07-05,6.756818
2024-07-06,8.654926
2024-07-07,4.656079
2024-07-08,3.064487
2024-07-09,12.857454
2024-07-10,1.3604105
2024-07-11,0.90171516
2024-07-12,3.1701024
2024-07-13,4.2570467
2024-07-14,3.2035077
2024-07-15,3.9937618
2024-07-16,5.651905
2024-07-17,0.31204185
2024-07-18,0.17638911
2024-07-19,0.0064793443
2024-07-20,0.2938618
2024-07-21,0.186584
2024-07-22,0.8987053
2024-07-23,1.1199462
2024-07-24,1.5390502
2024-07-25,3.4418864
2024-07-26,0.12549491
2024-07-27,0.37905413
2024-07-28,6.1023806e-05
2024-07-29,-4.4703484e-05
2024-07-30,0.4468507
2024-07-31,1.8814791
2024-08-01,3.7554002
2024-08-02,1.5832505
2024-08-03,1.6897808
2024-08-04,0.082479075
2024-08-05,0.18257613
2024-08-06,3.5997813
2024-08-07,0.21507156
2024-08-08,1.9738051
2024-08-09,0.20635784
2024-08-10,0.15702924
2024-08-11,0.005088569
2024-08-12,0.29572394
2024-08-13,0.012570548
2024-08-14,0.5820125
2024-08-15,1.4914728
2024-08-16,0.8106419
2024-08-17,0.00021065629
2024-08-18,0.024542123
2024-08-19,1.3688362
2024-08-20,0.84507924
2024-08-21,0.10203632
2024-08-22,1.2706244
2024-08-23,4.2359624
2024-08-24,14.219144
2024-08-25,0.35801032
2024-08-26,0.35298598
2024-08-27,1.0198073
2024-08-28,0.73848635
2024-08-29,0.036324862
2024-08-30,0.08175966
2024-08-31,1.8043731
